game_id,date,season,home_team,away_team,home_score,away_score,total_points,home_win,margin
0022200001,2022-10-18,2022-23,BOS,PHI,126,117,243,1,9
0022200002,2022-10-18,2022-23,GSW,LAL,123,109,232,1,14
0022200003,2022-10-19,2022-23,DET,ORL,113,109,222,1,4
0022200005,2022-10-19,2022-23,ATL,HOU,117,107,224,1,10
0022200013,2022-10-19,2022-23,PHX,DAL,107,105,212,1,2
0022200007,2022-10-19,2022-23,MIA,CHI,108,116,224,0,-8
0022200011,2022-10-19,2022-23,SAS,CHA,102,129,231,0,-27
0022200006,2022-10-19,2022-23,BKN,NOP,108,130,238,0,-22
0022200010,2022-10-19,2022-23,MIN,OKC,115,108,223,1,7
0022200004,2022-10-19,2022-23,IND,WAS,107,114,221,0,-7
0022200008,2022-10-19,2022-23,TOR,CLE,108,105,213,1,3
0022200009,2022-10-19,2022-23,MEM,NYK,115,112,227,1,3
0022200014,2022-10-19,2022-23,SAC,POR,108,115,223,0,-7
0022200012,2022-10-19,2022-23,UTA,DEN,123,102,225,1,21
0022200016,2022-10-20,2022-23,LAL,LAC,97,103,200,0,-6
0022200015,2022-10-20,2022-23,PHI,MIL,88,90,178,0,-2
0022200025,2022-10-21,2022-23,MIN,UTA,126,132,258,0,-6
0022200023,2022-10-21,2022-23,NYK,DET,130,106,236,1,24
0022200019,2022-10-21,2022-23,WAS,CHI,102,100,202,1,2
0022200026,2022-10-21,2022-23,GSW,DEN,123,128,251,0,-5
0022200017,2022-10-21,2022-23,CHA,NOP,112,124,236,0,-12
0022200024,2022-10-21,2022-23,HOU,MEM,122,129,251,0,-7
0022200018,2022-10-21,2022-23,IND,SAS,134,137,271,0,-3
0022200022,2022-10-21,2022-23,MIA,BOS,104,111,215,0,-7
0022200020,2022-10-21,2022-23,ATL,ORL,108,98,206,1,10
0022200027,2022-10-21,2022-23,POR,PHX,113,111,224,1,2
0022200021,2022-10-21,2022-23,BKN,TOR,109,105,214,1,4
0022200031,2022-10-22,2022-23,MIA,TOR,112,109,221,1,3
0022200028,2022-10-22,2022-23,PHI,SAS,105,114,219,0,-9
0022200030,2022-10-22,2022-23,ORL,BOS,120,126,246,0,-6
0022200029,2022-10-22,2022-23,IND,DET,124,115,239,1,9
0022200033,2022-10-22,2022-23,MIL,HOU,125,105,230,1,20
0022200036,2022-10-22,2022-23,SAC,LAC,109,111,220,0,-2
0022200032,2022-10-22,2022-23,CHI,CLE,96,128,224,0,-32
0022200035,2022-10-22,2022-23,DEN,OKC,122,117,239,1,5
0022200034,2022-10-22,2022-23,DAL,MEM,137,96,233,1,41
0022200041,2022-10-23,2022-23,OKC,MIN,106,116,222,0,-10
0022200038,2022-10-23,2022-23,ATL,CHA,109,126,235,0,-17
0022200040,2022-10-23,2022-23,NOP,UTA,121,122,243,0,-1
0022200037,2022-10-23,2022-23,LAL,POR,104,106,210,0,-2
0022200042,2022-10-23,2022-23,GSW,SAC,130,125,255,1,5
0022200043,2022-10-23,2022-23,LAC,PHX,95,112,207,0,-17
0022200039,2022-10-23,2022-23,CLE,WAS,117,107,224,1,10
0022200050,2022-10-24,2022-23,MIN,SAS,106,115,221,0,-9
0022200044,2022-10-24,2022-23,PHI,IND,120,106,226,1,14
0022200049,2022-10-24,2022-23,MEM,BKN,134,124,258,1,10
0022200051,2022-10-24,2022-23,POR,DEN,135,110,245,1,25
0022200046,2022-10-24,2022-23,NYK,ORL,115,102,217,1,13
0022200045,2022-10-24,2022-23,MIA,TOR,90,98,188,0,-8
0022200048,2022-10-24,2022-23,HOU,UTA,114,108,222,1,6
0022200047,2022-10-24,2022-23,CHI,BOS,120,102,222,1,18
0022200053,2022-10-25,2022-23,NOP,DAL,113,111,224,1,2
0022200052,2022-10-25,2022-23,WAS,DET,120,99,219,1,21
0022200055,2022-10-25,2022-23,PHX,GSW,134,105,239,1,29
0022200054,2022-10-25,2022-23,OKC,LAC,108,94,202,1,14
0022200062,2022-10-26,2022-23,MIN,SAS,134,122,256,1,12
0022200060,2022-10-26,2022-23,MIL,BKN,110,99,209,1,11
0022200056,2022-10-26,2022-23,CLE,ORL,103,92,195,1,11
0022200059,2022-10-26,2022-23,TOR,PHI,119,109,228,1,10
0022200058,2022-10-26,2022-23,NYK,CHA,134,131,265,1,3
0022200057,2022-10-26,2022-23,DET,ATL,113,118,231,0,-5
0022200065,2022-10-26,2022-23,POR,MIA,98,119,217,0,-21
0022200063,2022-10-26,2022-23,UTA,HOU,109,101,210,1,8
0022200064,2022-10-26,2022-23,DEN,LAL,110,99,209,1,11
0022200061,2022-10-26,2022-23,CHI,IND,124,109,233,1,15
0022200069,2022-10-27,2022-23,SAC,MEM,110,125,235,0,-15
0022200067,2022-10-27,2022-23,OKC,LAC,118,110,228,1,8
0022200068,2022-10-27,2022-23,GSW,MIA,123,110,233,1,13
0022200066,2022-10-27,2022-23,BKN,DAL,125,129,254,0,-4
0022200071,2022-10-28,2022-23,ORL,CHA,113,93,206,1,20
0022200070,2022-10-28,2022-23,DET,ATL,112,136,248,0,-24
0022200078,2022-10-28,2022-23,DEN,UTA,117,101,218,1,16
0022200077,2022-10-28,2022-23,SAS,CHI,129,124,253,1,5
0022200074,2022-10-28,2022-23,WAS,IND,117,127,244,0,-10
0022200080,2022-10-28,2022-23,POR,HOU,125,111,236,1,14
0022200075,2022-10-28,2022-23,MIL,NYK,119,108,227,1,11
0022200079,2022-10-28,2022-23,PHX,NOP,124,111,235,1,13
0022200076,2022-10-28,2022-23,MIN,LAL,111,102,213,1,9
0022200073,2022-10-28,2022-23,TOR,PHI,90,112,202,0,-22
0022200072,2022-10-28,2022-23,BOS,CLE,123,132,255,0,-9
0022200084,2022-10-29,2022-23,CHI,PHI,109,114,223,0,-5
0022200081,2022-10-29,2022-23,SAC,MIA,119,113,232,1,6
0022200083,2022-10-29,2022-23,BKN,IND,116,125,241,0,-9
0022200086,2022-10-29,2022-23,DAL,OKC,111,117,228,0,-6
0022200087,2022-10-29,2022-23,UTA,MEM,124,123,247,1,1
0022200085,2022-10-29,2022-23,MIL,ATL,123,115,238,1,8
0022200082,2022-10-29,2022-23,CHA,GSW,120,113,233,1,7
0022200088,2022-10-30,2022-23,LAC,NOP,91,112,203,0,-21
0022200093,2022-10-30,2022-23,DAL,ORL,114,105,219,1,9
0022200092,2022-10-30,2022-23,SAS,MIN,107,98,205,1,9
0022200095,2022-10-30,2022-23,LAL,DEN,121,110,231,1,11
0022200091,2022-10-30,2022-23,DET,GSW,128,114,242,1,14
0022200094,2022-10-30,2022-23,PHX,HOU,124,109,233,1,15
0022200090,2022-10-30,2022-23,CLE,NYK,121,108,229,1,13
0022200089,2022-10-30,2022-23,BOS,WAS,112,94,206,1,18
0022200098,2022-10-31,2022-23,BKN,IND,116,109,225,1,7
0022200100,2022-10-31,2022-23,MIL,DET,110,108,218,1,2
0022200096,2022-10-31,2022-23,CHA,SAC,108,115,223,0,-7
0022200099,2022-10-31,2022-23,TOR,ATL,139,109,248,1,30
0022200101,2022-10-31,2022-23,UTA,MEM,121,105,226,1,16
0022200097,2022-10-31,2022-23,WAS,PHI,111,118,229,0,-7
0022200102,2022-10-31,2022-23,LAC,HOU,95,93,188,1,2
0022200106,2022-11-01,2022-23,PHX,MIN,116,107,223,1,9
0022200103,2022-11-01,2022-23,BKN,CHI,99,108,207,0,-9
0022200105,2022-11-01,2022-23,OKC,ORL,116,108,224,1,8
0022200104,2022-11-01,2022-23,MIA,GSW,116,109,225,1,7
0022200107,2022-11-02,2022-23,CLE,BOS,114,113,227,1,1
0022200111,2022-11-02,2022-23,CHI,CHA,106,88,194,1,18
0022200113,2022-11-02,2022-23,MIL,DET,116,91,207,1,25
0022200110,2022-11-02,2022-23,NYK,ATL,99,112,211,0,-13
0022200112,2022-11-02,2022-23,HOU,LAC,101,109,210,0,-8
0022200116,2022-11-02,2022-23,POR,MEM,106,111,217,0,-5
0022200115,2022-11-02,2022-23,DAL,UTA,103,100,203,1,3
0022200109,2022-11-02,2022-23,MIA,SAC,110,107,217,1,3
0022200114,2022-11-02,2022-23,SAS,TOR,100,143,243,0,-43
0022200117,2022-11-02,2022-23,LAL,NOP,120,117,237,1,3
0022200108,2022-11-02,2022-23,PHI,WAS,111,121,232,0,-10
0022200118,2022-11-03,2022-23,ORL,GSW,130,129,259,1,1
0022200119,2022-11-03,2022-23,OKC,DEN,110,122,232,0,-12
0022200124,2022-11-04,2022-23,BOS,CHI,123,119,242,1,4
0022200125,2022-11-04,2022-23,MEM,CHA,130,99,229,1,31
0022200126,2022-11-04,2022-23,SAS,LAC,106,113,219,0,-7
0022200128,2022-11-04,2022-23,NOP,GSW,114,105,219,1,9
0022200121,2022-11-04,2022-23,IND,MIA,101,99,200,1,2
0022200131,2022-11-04,2022-23,LAL,UTA,116,130,246,0,-14
0022200127,2022-11-04,2022-23,DAL,TOR,111,110,221,1,1
0022200122,2022-11-04,2022-23,PHI,NYK,104,106,210,0,-2
0022200120,2022-11-04,2022-23,DET,CLE,88,112,200,0,-24
0022200130,2022-11-04,2022-23,PHX,POR,106,108,214,0,-2
0022200129,2022-11-04,2022-23,MIN,MIL,102,115,217,0,-13
0022200123,2022-11-04,2022-23,WAS,BKN,86,128,214,0,-42
0022200133,2022-11-05,2022-23,CHA,BKN,94,98,192,0,-4
0022200132,2022-11-05,2022-23,ORL,SAC,123,126,249,0,-3
0022200136,2022-11-05,2022-23,MIL,OKC,108,94,202,1,14
0022200135,2022-11-05,2022-23,NYK,BOS,118,133,251,0,-15
0022200138,2022-11-05,2022-23,DEN,SAS,126,101,227,1,25
0022200137,2022-11-05,2022-23,MIN,HOU,129,117,246,1,12
0022200134,2022-11-05,2022-23,ATL,NOP,124,121,245,1,3
0022200139,2022-11-05,2022-23,PHX,POR,102,82,184,1,20
0022200140,2022-11-06,2022-23,LAL,CLE,100,114,214,0,-14
0022200141,2022-11-06,2022-23,TOR,CHI,113,104,217,1,9
0022200142,2022-11-06,2022-23,MEM,WAS,103,97,200,1,6
0022200143,2022-11-06,2022-23,LAC,UTA,102,110,212,0,-8
0022200157,2022-11-07,2022-23,UTA,LAL,139,116,255,1,23
0022200150,2022-11-07,2022-23,MIA,POR,107,110,217,0,-3
0022200154,2022-11-07,2022-23,SAS,DEN,109,115,224,0,-6
0022200146,2022-11-07,2022-23,DET,OKC,112,103,215,1,9
0022200152,2022-11-07,2022-23,MEM,BOS,106,109,215,0,-3
0022200151,2022-11-07,2022-23,CHI,TOR,111,97,208,1,14
0022200149,2022-11-07,2022-23,ATL,MIL,117,98,215,1,19
0022200156,2022-11-07,2022-23,GSW,SAC,116,113,229,1,3
0022200147,2022-11-07,2022-23,IND,NOP,129,122,251,1,7
0022200153,2022-11-07,2022-23,MIN,NYK,107,120,227,0,-13
0022200158,2022-11-07,2022-23,LAC,CLE,119,117,236,1,2
0022200148,2022-11-07,2022-23,PHI,PHX,100,88,188,1,12
0022200144,2022-11-07,2022-23,CHA,WAS,100,108,208,0,-8
0022200145,2022-11-07,2022-23,ORL,HOU,127,134,261,0,-7
0022200155,2022-11-07,2022-23,DAL,BKN,96,94,190,1,2
0022200167,2022-11-09,2022-23,MIN,PHX,117,129,246,0,-12
0022200169,2022-11-09,2022-23,SAS,MEM,122,124,246,0,-2
0022200168,2022-11-09,2022-23,OKC,MIL,132,136,268,0,-4
0022200165,2022-11-09,2022-23,TOR,HOU,116,109,225,1,7
0022200171,2022-11-09,2022-23,SAC,CLE,127,120,247,1,7
0022200163,2022-11-09,2022-23,BOS,DET,128,112,240,1,16
0022200159,2022-11-09,2022-23,CHA,POR,95,105,200,0,-10
0022200164,2022-11-09,2022-23,BKN,NYK,112,85,197,1,27
0022200166,2022-11-09,2022-23,CHI,NOP,111,115,226,0,-4
0022200161,2022-11-09,2022-23,ORL,DAL,94,87,181,1,7
0022200162,2022-11-09,2022-23,ATL,UTA,119,125,244,0,-6
0022200160,2022-11-09,2022-23,IND,DEN,119,122,241,0,-3
0022200170,2022-11-09,2022-23,LAC,LAL,114,101,215,1,13
0022200172,2022-11-10,2022-23,WAS,DAL,113,105,218,1,8
0022200173,2022-11-10,2022-23,ATL,PHI,104,95,199,1,9
0022200174,2022-11-10,2022-23,MIA,CHA,117,112,229,1,5
0022200175,2022-11-10,2022-23,NOP,POR,95,106,201,0,-11
0022200181,2022-11-11,2022-23,MEM,MIN,114,103,217,1,11
0022200178,2022-11-11,2022-23,NYK,DET,121,112,233,1,9
0022200180,2022-11-11,2022-23,SAS,MIL,111,93,204,1,18
0022200177,2022-11-11,2022-23,ORL,PHX,114,97,211,1,17
0022200182,2022-11-11,2022-23,GSW,CLE,106,101,207,1,5
0022200179,2022-11-11,2022-23,OKC,TOR,132,113,245,1,19
0022200183,2022-11-11,2022-23,LAL,SAC,114,120,234,0,-6
0022200176,2022-11-11,2022-23,BOS,DEN,131,112,243,1,19
0022200186,2022-11-12,2022-23,DET,BOS,108,117,225,0,-9
0022200188,2022-11-12,2022-23,PHI,ATL,121,109,230,1,12
0022200189,2022-11-12,2022-23,MIA,CHA,132,115,247,1,17
0022200185,2022-11-12,2022-23,WAS,UTA,121,112,233,1,9
0022200190,2022-11-12,2022-23,DAL,POR,117,112,229,1,5
0022200191,2022-11-12,2022-23,NOP,HOU,119,106,225,1,13
0022200187,2022-11-12,2022-23,IND,TOR,118,104,222,1,14
0022200184,2022-11-12,2022-23,LAC,BKN,95,110,205,0,-15
0022200193,2022-11-13,2022-23,CLE,MIN,124,129,253,0,-5
0022200194,2022-11-13,2022-23,WAS,MEM,102,92,194,1,10
0022200197,2022-11-13,2022-23,SAC,GSW,122,115,237,1,7
0022200192,2022-11-13,2022-23,NYK,OKC,135,145,280,0,-10
0022200196,2022-11-13,2022-23,CHI,DEN,103,126,229,0,-23
0022200198,2022-11-13,2022-23,LAL,BKN,116,103,219,1,13
0022200195,2022-11-13,2022-23,PHI,UTA,105,98,203,1,7
0022200202,2022-11-14,2022-23,MIA,PHX,113,112,225,1,1
0022200201,2022-11-14,2022-23,BOS,OKC,126,122,248,1,4
0022200200,2022-11-14,2022-23,ORL,CHA,105,112,217,0,-7
0022200199,2022-11-14,2022-23,DET,TOR,111,115,226,0,-4
0022200205,2022-11-14,2022-23,GSW,SAS,132,95,227,1,37
0022200204,2022-11-14,2022-23,MIL,ATL,106,121,227,0,-15
0022200203,2022-11-14,2022-23,HOU,LAC,106,122,228,0,-16
0022200208,2022-11-15,2022-23,UTA,NYK,111,118,229,0,-7
0022200209,2022-11-15,2022-23,POR,SAS,117,110,227,1,7
0022200207,2022-11-15,2022-23,DAL,LAC,103,101,204,1,2
0022200206,2022-11-15,2022-23,NOP,MEM,113,102,215,1,11
0022200210,2022-11-15,2022-23,SAC,BKN,153,121,274,1,32
0022200219,2022-11-16,2022-23,DEN,NYK,103,106,209,0,-3
0022200211,2022-11-16,2022-23,CHA,IND,113,125,238,0,-12
0022200212,2022-11-16,2022-23,ORL,MIN,108,126,234,0,-18
0022200216,2022-11-16,2022-23,MIL,CLE,113,98,211,1,15
0022200220,2022-11-16,2022-23,PHX,GSW,130,119,249,1,11
0022200215,2022-11-16,2022-23,TOR,MIA,112,104,216,1,8
0022200213,2022-11-16,2022-23,WAS,OKC,120,121,241,0,-1
0022200217,2022-11-16,2022-23,NOP,CHI,124,110,234,1,14
0022200218,2022-11-16,2022-23,DAL,HOU,92,101,193,0,-9
0022200214,2022-11-16,2022-23,ATL,BOS,101,126,227,0,-25
0022200221,2022-11-17,2022-23,POR,BKN,107,109,216,0,-2
0022200222,2022-11-17,2022-23,SAC,SAS,130,112,242,1,18
0022200223,2022-11-17,2022-23,LAC,DET,96,91,187,1,5
0022200228,2022-11-18,2022-23,HOU,IND,91,99,190,0,-8
0022200233,2022-11-18,2022-23,GSW,NYK,111,101,212,1,10
0022200229,2022-11-18,2022-23,MEM,OKC,121,110,231,1,11
0022200230,2022-11-18,2022-23,DAL,DEN,127,99,226,1,28
0022200224,2022-11-18,2022-23,WAS,MIA,107,106,213,1,1
0022200225,2022-11-18,2022-23,CLE,CHA,132,122,254,1,10
0022200231,2022-11-18,2022-23,NOP,BOS,109,117,226,0,-8
0022200226,2022-11-18,2022-23,PHI,MIL,110,102,212,1,8
0022200232,2022-11-18,2022-23,UTA,PHX,134,133,267,1,1
0022200227,2022-11-18,2022-23,CHI,ORL,107,108,215,0,-1
0022200234,2022-11-18,2022-23,LAL,DET,128,121,249,1,7
0022200238,2022-11-19,2022-23,POR,UTA,113,118,231,0,-5
0022200235,2022-11-19,2022-23,ATL,TOR,124,122,246,1,2
0022200237,2022-11-19,2022-23,PHI,MIN,109,112,221,0,-3
0022200236,2022-11-19,2022-23,IND,ORL,114,113,227,1,1
0022200239,2022-11-19,2022-23,LAC,SAS,119,97,216,1,22
0022200247,2022-11-20,2022-23,LAL,SAS,123,92,215,1,31
0022200241,2022-11-20,2022-23,WAS,CHA,106,102,208,1,4
0022200243,2022-11-20,2022-23,BKN,MEM,127,115,242,1,12
0022200244,2022-11-20,2022-23,CLE,MIA,113,87,200,1,26
0022200240,2022-11-20,2022-23,PHX,NYK,116,95,211,1,21
0022200245,2022-11-20,2022-23,HOU,GSW,120,127,247,0,-7
0022200246,2022-11-20,2022-23,DAL,DEN,97,98,195,0,-1
0022200242,2022-11-20,2022-23,SAC,DET,137,129,266,1,8
0022200252,2022-11-21,2022-23,MIN,MIA,105,101,206,1,4
0022200248,2022-11-21,2022-23,CLE,ATL,114,102,216,1,12
0022200253,2022-11-21,2022-23,NOP,GSW,128,83,211,1,45
0022200255,2022-11-21,2022-23,LAC,UTA,121,114,235,1,7
0022200251,2022-11-21,2022-23,MIL,POR,119,111,230,1,8
0022200249,2022-11-21,2022-23,IND,ORL,123,102,225,1,21
0022200254,2022-11-21,2022-23,OKC,NYK,119,129,248,0,-10
0022200250,2022-11-21,2022-23,CHI,BOS,121,107,228,1,14
0022200257,2022-11-22,2022-23,MEM,SAC,109,113,222,0,-4
0022200259,2022-11-22,2022-23,PHX,LAL,115,105,220,1,10
0022200256,2022-11-22,2022-23,PHI,BKN,115,106,221,1,9
0022200258,2022-11-22,2022-23,DEN,DET,108,110,218,0,-2
0022200260,2022-11-23,2022-23,CHA,PHI,107,101,208,1,6
0022200261,2022-11-23,2022-23,CLE,POR,114,96,210,1,18
0022200262,2022-11-23,2022-23,IND,MIN,101,115,216,0,-14
0022200269,2022-11-23,2022-23,SAS,NOP,110,129,239,0,-19
0022200267,2022-11-23,2022-23,MIL,CHI,113,118,231,0,-5
0022200266,2022-11-23,2022-23,TOR,BKN,98,112,210,0,-14
0022200268,2022-11-23,2022-23,OKC,DEN,126,131,257,0,-5
0022200270,2022-11-23,2022-23,UTA,DET,116,125,241,0,-9
0022200265,2022-11-23,2022-23,MIA,WAS,113,105,218,1,8
0022200264,2022-11-23,2022-23,BOS,DAL,125,112,237,1,13
0022200271,2022-11-23,2022-23,GSW,LAC,124,107,231,1,17
0022200263,2022-11-23,2022-23,ATL,SAC,115,106,221,1,9
0022200277,2022-11-25,2022-23,MIA,WAS,110,107,217,1,3
0022200275,2022-11-25,2022-23,BOS,SAC,122,104,226,1,18
0022200273,2022-11-25,2022-23,ORL,PHI,99,107,206,0,-8
0022200278,2022-11-25,2022-23,HOU,ATL,128,122,250,1,6
0022200282,2022-11-25,2022-23,SAS,LAL,94,105,199,0,-11
0022200283,2022-11-25,2022-23,PHX,DET,108,102,210,1,6
0022200285,2022-11-25,2022-23,LAC,DEN,104,114,218,0,-10
0022200284,2022-11-25,2022-23,GSW,UTA,129,118,247,1,11
0022200281,2022-11-25,2022-23,OKC,CHI,123,119,242,1,4
0022200276,2022-11-25,2022-23,IND,BKN,128,117,245,1,11
0022200272,2022-11-25,2022-23,CHA,MIN,110,108,218,1,2
0022200279,2022-11-25,2022-23,MEM,NOP,132,111,243,1,21
0022200280,2022-11-25,2022-23,MIL,CLE,117,102,219,1,15
0022200274,2022-11-25,2022-23,NYK,POR,129,132,261,0,-3
0022200287,2022-11-26,2022-23,HOU,OKC,118,105,223,1,13
0022200286,2022-11-26,2022-23,TOR,DAL,105,100,205,1,5
0022200288,2022-11-26,2022-23,SAS,LAL,138,143,281,0,-5
0022200289,2022-11-26,2022-23,PHX,UTA,113,112,225,1,1
0022200298,2022-11-27,2022-23,MIL,DAL,124,115,239,1,9
0022200291,2022-11-27,2022-23,MIN,GSW,114,137,251,0,-23
0022200292,2022-11-27,2022-23,LAC,IND,114,100,214,1,14
0022200296,2022-11-27,2022-23,NYK,MEM,123,127,250,0,-4
0022200295,2022-11-27,2022-23,DET,CLE,94,102,196,0,-8
0022200293,2022-11-27,2022-23,ATL,MIA,98,106,204,0,-8
0022200290,2022-11-27,2022-23,BKN,POR,111,97,208,1,14
0022200297,2022-11-27,2022-23,ORL,PHI,103,133,236,0,-30
0022200294,2022-11-27,2022-23,BOS,WAS,130,121,251,1,9
0022200304,2022-11-28,2022-23,NOP,OKC,105,101,206,1,4
0022200300,2022-11-28,2022-23,WAS,MIN,142,127,269,1,15
0022200305,2022-11-28,2022-23,DEN,HOU,129,113,242,1,16
0022200301,2022-11-28,2022-23,BOS,CHA,140,105,245,1,35
0022200308,2022-11-28,2022-23,LAL,IND,115,116,231,0,-1
0022200302,2022-11-28,2022-23,BKN,ORL,109,102,211,1,7
0022200303,2022-11-28,2022-23,TOR,CLE,100,88,188,1,12
0022200306,2022-11-28,2022-23,UTA,CHI,107,114,221,0,-7
0022200299,2022-11-28,2022-23,PHI,ATL,104,101,205,1,3
0022200307,2022-11-28,2022-23,SAC,PHX,117,122,239,0,-5
0022200310,2022-11-29,2022-23,DAL,GSW,116,113,229,1,3
0022200311,2022-11-29,2022-23,POR,LAC,112,118,230,0,-6
0022200309,2022-11-29,2022-23,DET,NYK,110,140,250,0,-30
0022200323,2022-11-30,2022-23,SAC,IND,137,114,251,1,23
0022200312,2022-11-30,2022-23,CLE,PHI,113,85,198,1,28
0022200315,2022-11-30,2022-23,BKN,WAS,113,107,220,1,6
0022200318,2022-11-30,2022-23,NOP,TOR,126,108,234,1,18
0022200324,2022-11-30,2022-23,LAL,POR,128,109,237,1,19
0022200322,2022-11-30,2022-23,UTA,LAC,125,112,237,1,13
0022200319,2022-11-30,2022-23,OKC,SAS,119,111,230,1,8
0022200321,2022-11-30,2022-23,PHX,CHI,132,113,245,1,19
0022200317,2022-11-30,2022-23,MIN,MEM,109,101,210,1,8
0022200314,2022-11-30,2022-23,BOS,MIA,134,121,255,1,13
0022200316,2022-11-30,2022-23,NYK,MIL,103,109,212,0,-6
0022200320,2022-11-30,2022-23,DEN,HOU,120,100,220,1,20
0022200313,2022-11-30,2022-23,ORL,ATL,108,125,233,0,-17
0022200325,2022-12-01,2022-23,DET,DAL,131,125,256,1,6
0022200328,2022-12-02,2022-23,BOS,MIA,116,120,236,0,-4
0022200336,2022-12-02,2022-23,GSW,CHI,119,111,230,1,8
0022200334,2022-12-02,2022-23,PHX,HOU,121,122,243,0,-1
0022200326,2022-12-02,2022-23,CHA,WAS,117,116,233,1,1
0022200330,2022-12-02,2022-23,CLE,ORL,107,96,203,1,11
0022200333,2022-12-02,2022-23,SAS,NOP,99,117,216,0,-18
0022200327,2022-12-02,2022-23,ATL,DEN,117,109,226,1,8
0022200331,2022-12-02,2022-23,MIL,LAL,129,133,262,0,-4
0022200335,2022-12-02,2022-23,UTA,IND,139,119,258,1,20
0022200329,2022-12-02,2022-23,BKN,TOR,114,105,219,1,9
0022200332,2022-12-02,2022-23,MEM,PHI,117,109,226,1,8
0022200341,2022-12-03,2022-23,MIN,OKC,128,135,263,0,-7
0022200343,2022-12-03,2022-23,UTA,POR,111,116,227,0,-5
0022200342,2022-12-03,2022-23,GSW,HOU,120,101,221,1,19
0022200339,2022-12-03,2022-23,CHA,MIL,96,105,201,0,-9
0022200337,2022-12-03,2022-23,NYK,DAL,100,121,221,0,-21
0022200338,2022-12-03,2022-23,LAC,SAC,96,123,219,0,-27
0022200340,2022-12-03,2022-23,TOR,ORL,121,108,229,1,13
0022200351,2022-12-04,2022-23,POR,IND,116,100,216,1,16
0022200350,2022-12-04,2022-23,SAC,CHI,110,101,211,1,9
0022200347,2022-12-04,2022-23,DET,MEM,112,122,234,0,-10
0022200346,2022-12-04,2022-23,BKN,BOS,92,103,195,0,-11
0022200345,2022-12-04,2022-23,SAS,PHX,95,133,228,0,-38
0022200344,2022-12-04,2022-23,NOP,DEN,121,106,227,1,15
0022200349,2022-12-04,2022-23,WAS,LAL,119,130,249,0,-11
0022200348,2022-12-04,2022-23,NYK,CLE,92,81,173,1,11
0022200354,2022-12-05,2022-23,ATL,OKC,114,121,235,0,-7
0022200352,2022-12-05,2022-23,CHA,LAC,117,119,236,0,-2
0022200356,2022-12-05,2022-23,HOU,PHI,132,123,255,1,9
0022200353,2022-12-05,2022-23,ORL,MIL,102,109,211,0,-7
0022200359,2022-12-05,2022-23,GSW,IND,104,112,216,0,-8
0022200355,2022-12-05,2022-23,TOR,BOS,110,116,226,0,-6
0022200358,2022-12-05,2022-23,DAL,PHX,130,111,241,1,19
0022200357,2022-12-05,2022-23,MEM,MIA,101,93,194,1,8
0022200361,2022-12-06,2022-23,MIA,DET,96,116,212,0,-20
0022200362,2022-12-06,2022-23,DEN,DAL,115,116,231,0,-1
0022200360,2022-12-06,2022-23,CLE,LAL,116,102,218,1,14
0022200366,2022-12-07,2022-23,TOR,LAL,126,113,239,1,13
0022200371,2022-12-07,2022-23,NOP,DET,104,98,202,1,6
0022200370,2022-12-07,2022-23,MIN,IND,121,115,236,1,6
0022200369,2022-12-07,2022-23,MIL,SAC,126,113,239,1,13
0022200368,2022-12-07,2022-23,MEM,OKC,123,102,225,1,21
0022200364,2022-12-07,2022-23,BKN,CHA,122,116,238,1,6
0022200365,2022-12-07,2022-23,NYK,ATL,113,89,202,1,24
0022200373,2022-12-07,2022-23,PHX,BOS,98,125,223,0,-27
0022200363,2022-12-07,2022-23,ORL,LAC,116,111,227,1,5
0022200372,2022-12-07,2022-23,UTA,GSW,124,123,247,1,1
0022200367,2022-12-07,2022-23,CHI,WAS,115,111,226,1,4
0022200374,2022-12-08,2022-23,MIA,LAC,115,110,225,1,5
0022200376,2022-12-08,2022-23,POR,DEN,120,121,241,0,-1
0022200375,2022-12-08,2022-23,SAS,HOU,118,109,227,1,9
0022200386,2022-12-09,2022-23,DAL,MIL,105,106,211,0,-1
0022200377,2022-12-09,2022-23,CHA,NYK,102,121,223,0,-19
0022200384,2022-12-09,2022-23,NOP,PHX,128,117,245,1,11
0022200381,2022-12-09,2022-23,CLE,SAC,95,106,201,0,-11
0022200378,2022-12-09,2022-23,IND,WAS,121,111,232,1,10
0022200382,2022-12-09,2022-23,PHI,LAL,133,122,255,1,11
0022200379,2022-12-09,2022-23,ORL,TOR,113,109,222,1,4
0022200380,2022-12-09,2022-23,BKN,ATL,120,116,236,1,4
0022200385,2022-12-09,2022-23,UTA,MIN,108,118,226,0,-10
0022200383,2022-12-09,2022-23,MEM,DET,114,103,217,1,11
0022200390,2022-12-10,2022-23,CLE,OKC,110,102,212,1,8
0022200392,2022-12-10,2022-23,GSW,BOS,123,107,230,1,16
0022200394,2022-12-10,2022-23,POR,MIN,124,118,242,1,6
0022200391,2022-12-10,2022-23,CHI,DAL,144,115,259,1,29
0022200389,2022-12-10,2022-23,WAS,LAC,107,114,221,0,-7
0022200388,2022-12-10,2022-23,IND,BKN,133,136,269,0,-3
0022200393,2022-12-10,2022-23,DEN,UTA,115,110,225,1,5
0022200387,2022-12-10,2022-23,MIA,SAS,111,115,226,0,-4
0022200401,2022-12-11,2022-23,HOU,MIL,97,92,189,1,5
0022200395,2022-12-11,2022-23,NOP,PHX,129,124,253,1,5
0022200400,2022-12-11,2022-23,ATL,CHI,123,122,245,1,1
0022200399,2022-12-11,2022-23,PHI,CHA,131,113,244,1,18
0022200398,2022-12-11,2022-23,ORL,TOR,111,99,210,1,12
0022200397,2022-12-11,2022-23,NYK,SAC,112,99,211,1,13
0022200396,2022-12-11,2022-23,DET,LAL,117,124,241,0,-7
0022200402,2022-12-12,2022-23,IND,MIA,82,87,169,0,-5
0022200406,2022-12-12,2022-23,SAS,CLE,112,111,223,1,1
0022200407,2022-12-12,2022-23,POR,MIN,133,112,245,1,21
0022200403,2022-12-12,2022-23,WAS,BKN,100,112,212,0,-12
0022200408,2022-12-12,2022-23,LAC,BOS,113,93,206,1,20
0022200404,2022-12-12,2022-23,MEM,ATL,128,103,231,1,25
0022200405,2022-12-12,2022-23,DAL,OKC,121,114,235,1,7
0022200410,2022-12-13,2022-23,MIL,GSW,128,111,239,1,17
0022200411,2022-12-13,2022-23,HOU,PHX,111,97,208,1,14
0022200412,2022-12-13,2022-23,UTA,NOP,121,100,221,1,21
0022200409,2022-12-13,2022-23,PHI,SAC,123,103,226,1,20
0022200413,2022-12-13,2022-23,LAL,BOS,118,122,240,0,-4
0022200416,2022-12-14,2022-23,ORL,ATL,135,124,259,1,11
0022200417,2022-12-14,2022-23,TOR,SAC,123,124,247,0,-1
0022200414,2022-12-14,2022-23,CHA,DET,134,141,275,0,-7
0022200421,2022-12-14,2022-23,DAL,CLE,90,105,195,0,-15
0022200419,2022-12-14,2022-23,OKC,MIA,108,110,218,0,-2
0022200418,2022-12-14,2022-23,CHI,NYK,120,128,248,0,-8
0022200423,2022-12-14,2022-23,LAC,MIN,99,88,187,1,11
0022200420,2022-12-14,2022-23,SAS,POR,112,128,240,0,-16
0022200415,2022-12-14,2022-23,IND,GSW,125,119,244,1,6
0022200422,2022-12-14,2022-23,DEN,WAS,141,128,269,1,13
0022200425,2022-12-15,2022-23,MEM,MIL,142,101,243,1,41
0022200426,2022-12-15,2022-23,UTA,NOP,132,129,261,1,3
0022200427,2022-12-15,2022-23,LAC,PHX,95,111,206,0,-16
0022200424,2022-12-15,2022-23,HOU,MIA,108,111,219,0,-3
0022200437,2022-12-16,2022-23,LAL,DEN,126,108,234,1,18
0022200431,2022-12-16,2022-23,CLE,IND,118,112,230,1,6
0022200429,2022-12-16,2022-23,DET,SAC,113,122,235,0,-9
0022200428,2022-12-16,2022-23,CHA,ATL,106,125,231,0,-19
0022200433,2022-12-16,2022-23,TOR,BKN,116,119,235,0,-3
0022200430,2022-12-16,2022-23,BOS,ORL,109,117,226,0,-8
0022200432,2022-12-16,2022-23,PHI,GSW,118,106,224,1,12
0022200436,2022-12-16,2022-23,DAL,POR,130,110,240,1,20
0022200434,2022-12-16,2022-23,CHI,NYK,91,114,205,0,-23
0022200435,2022-12-16,2022-23,OKC,MIN,110,112,222,0,-2
0022200443,2022-12-17,2022-23,OKC,MEM,115,109,224,1,6
0022200444,2022-12-17,2022-23,PHX,NOP,118,114,232,1,4
0022200441,2022-12-17,2022-23,HOU,POR,95,107,202,0,-12
0022200442,2022-12-17,2022-23,MIL,UTA,123,97,220,1,26
0022200439,2022-12-17,2022-23,SAS,MIA,101,111,212,0,-10
0022200438,2022-12-17,2022-23,LAC,WAS,102,93,195,1,9
0022200440,2022-12-17,2022-23,CLE,DAL,100,99,199,1,1
0022200449,2022-12-18,2022-23,MIN,CHI,150,126,276,1,24
0022200446,2022-12-18,2022-23,IND,NYK,106,109,215,0,-3
0022200445,2022-12-18,2022-23,BOS,ORL,92,95,187,0,-3
0022200451,2022-12-18,2022-23,LAL,WAS,119,117,236,1,2
0022200447,2022-12-18,2022-23,DET,BKN,121,124,245,0,-3
0022200450,2022-12-18,2022-23,DEN,CHA,119,115,234,1,4
0022200448,2022-12-18,2022-23,TOR,GSW,110,126,236,0,-16
0022200454,2022-12-19,2022-23,ATL,ORL,126,125,251,1,1
0022200456,2022-12-19,2022-23,MIN,DAL,116,106,222,1,10
0022200452,2022-12-19,2022-23,CLE,UTA,122,99,221,1,23
0022200457,2022-12-19,2022-23,NOP,MIL,119,128,247,0,-9
0022200455,2022-12-19,2022-23,HOU,SAS,105,124,229,0,-19
0022200453,2022-12-19,2022-23,PHI,TOR,104,101,205,1,3
0022200459,2022-12-19,2022-23,PHX,LAL,130,104,234,1,26
0022200460,2022-12-19,2022-23,SAC,CHA,119,125,244,0,-6
0022200458,2022-12-19,2022-23,OKC,POR,123,121,244,1,2
0022200464,2022-12-20,2022-23,PHX,WAS,110,113,223,0,-3
0022200461,2022-12-20,2022-23,DET,UTA,111,126,237,0,-15
0022200463,2022-12-20,2022-23,NYK,GSW,132,94,226,1,38
0022200462,2022-12-20,2022-23,MIA,CHI,103,113,216,0,-10
0022200465,2022-12-20,2022-23,DEN,MEM,105,91,196,1,14
0022200475,2022-12-21,2022-23,SAC,LAL,134,120,254,1,14
0022200471,2022-12-21,2022-23,NYK,TOR,106,113,219,0,-7
0022200472,2022-12-21,2022-23,HOU,ORL,110,116,226,0,-6
0022200474,2022-12-21,2022-23,OKC,POR,101,98,199,1,3
0022200466,2022-12-21,2022-23,CLE,MIL,114,106,220,1,8
0022200476,2022-12-21,2022-23,LAC,CHA,126,105,231,1,21
0022200473,2022-12-21,2022-23,MIN,DAL,99,104,203,0,-5
0022200470,2022-12-21,2022-23,BKN,GSW,143,113,256,1,30
0022200469,2022-12-21,2022-23,BOS,IND,112,117,229,0,-5
0022200468,2022-12-21,2022-23,ATL,CHI,108,110,218,0,-2
0022200467,2022-12-21,2022-23,PHI,DET,113,93,206,1,20
0022200478,2022-12-22,2022-23,UTA,WAS,120,112,232,1,8
0022200477,2022-12-22,2022-23,NOP,SAS,126,117,243,1,9
0022200485,2022-12-23,2022-23,NYK,CHI,117,118,235,0,-1
0022200481,2022-12-23,2022-23,ATL,DET,130,105,235,1,25
0022200492,2022-12-23,2022-23,LAL,CHA,130,134,264,0,-4
0022200484,2022-12-23,2022-23,CLE,TOR,107,118,225,0,-11
0022200482,2022-12-23,2022-23,BOS,MIN,121,109,230,1,12
0022200483,2022-12-23,2022-23,BKN,MIL,118,100,218,1,18
0022200480,2022-12-23,2022-23,PHI,LAC,119,114,233,1,5
0022200479,2022-12-23,2022-23,ORL,SAS,133,113,246,1,20
0022200491,2022-12-23,2022-23,SAC,WAS,111,125,236,0,-14
0022200487,2022-12-23,2022-23,HOU,DAL,106,112,218,0,-6
0022200489,2022-12-23,2022-23,DEN,POR,120,107,227,1,13
0022200488,2022-12-23,2022-23,OKC,NOP,125,128,253,0,-3
0022200486,2022-12-23,2022-23,MIA,IND,108,111,219,0,-3
0022200490,2022-12-23,2022-23,PHX,MEM,100,125,225,0,-25
0022200496,2022-12-25,2022-23,GSW,MEM,123,109,232,1,14
0022200494,2022-12-25,2022-23,DAL,LAL,124,115,239,1,9
0022200493,2022-12-25,2022-23,NYK,PHI,112,119,231,0,-7
0022200497,2022-12-25,2022-23,DEN,PHX,128,125,253,1,3
0022200495,2022-12-25,2022-23,BOS,MIL,139,118,257,1,21
0022200501,2022-12-26,2022-23,CHI,HOU,118,133,251,0,-15
0022200499,2022-12-26,2022-23,DET,LAC,131,142,273,0,-11
0022200503,2022-12-26,2022-23,SAS,UTA,126,122,248,1,4
0022200498,2022-12-26,2022-23,CLE,BKN,117,125,242,0,-8
0022200502,2022-12-26,2022-23,NOP,IND,113,93,206,1,20
0022200500,2022-12-26,2022-23,MIA,MIN,113,110,223,1,3
0022200504,2022-12-26,2022-23,POR,CHA,124,113,237,1,11
0022200506,2022-12-27,2022-23,WAS,PHI,116,111,227,1,5
0022200509,2022-12-27,2022-23,TOR,LAC,113,124,237,0,-11
2022200006,2022-12-27,2022-23,LIN,GBO,113,108,221,1,5
2022200007,2022-12-27,2022-23,GLI,ONT,114,108,222,1,6
0022200513,2022-12-27,2022-23,GSW,CHA,110,105,215,1,5
0022200512,2022-12-27,2022-23,DAL,NYK,126,121,247,1,5
2022200001,2022-12-27,2022-23,FWN,MNE,113,126,239,0,-13
2022200002,2022-12-27,2022-23,OKL,SXF,112,108,220,1,4
0022200507,2022-12-27,2022-23,BOS,HOU,126,102,228,1,24
0022200511,2022-12-27,2022-23,OKC,SAS,130,114,244,1,16
0022200510,2022-12-27,2022-23,MEM,PHX,108,125,233,0,-17
2022200004,2022-12-27,2022-23,DEL,RGV,99,138,237,0,-39
0022200508,2022-12-27,2022-23,IND,ATL,129,114,243,1,15
2022200003,2022-12-27,2022-23,CCG,MCC,115,108,223,1,7
0022200505,2022-12-27,2022-23,ORL,LAL,110,129,239,0,-19
0022200514,2022-12-27,2022-23,SAC,DEN,106,113,219,0,-7
0022200522,2022-12-28,2022-23,SAC,DEN,127,126,253,1,1
0022200515,2022-12-28,2022-23,DET,ORL,121,101,222,1,20
0022200519,2022-12-28,2022-23,CHI,MIL,119,113,232,1,6
0022200520,2022-12-28,2022-23,NOP,MIN,119,118,237,1,1
2022200008,2022-12-28,2022-23,CLC,GRG,104,108,212,0,-4
2022200009,2022-12-28,2022-23,MXC,SLC,111,103,214,1,8
0022200517,2022-12-28,2022-23,ATL,BKN,107,108,215,0,-1
0022200516,2022-12-28,2022-23,WAS,PHX,127,102,229,1,25
0022200521,2022-12-28,2022-23,GSW,UTA,112,107,219,1,5
0022200518,2022-12-28,2022-23,MIA,LAL,112,98,210,1,14
2022200011,2022-12-29,2022-23,CCG,MCC,107,105,212,1,2
0022200527,2022-12-29,2022-23,SAS,NYK,122,115,237,1,7
2022200017,2022-12-29,2022-23,AUS,OKL,108,105,213,1,3
2022200013,2022-12-29,2022-23,LIN,GBO,122,95,217,1,27
2022200019,2022-12-29,2022-23,SCW,STO,112,121,233,0,-9
2022200010,2022-12-29,2022-23,FWN,WCB,131,121,252,1,10
0022200525,2022-12-29,2022-23,BOS,LAC,116,110,226,1,6
0022200526,2022-12-29,2022-23,TOR,MEM,106,119,225,0,-13
2022200016,2022-12-29,2022-23,MHU,SBL,122,103,225,1,19
0022200523,2022-12-29,2022-23,CHA,OKC,121,113,234,1,8
2022200015,2022-12-29,2022-23,IWA,RAP,118,127,245,0,-9
0022200524,2022-12-29,2022-23,IND,CLE,135,126,261,1,9
0022200528,2022-12-29,2022-23,DAL,HOU,129,114,243,1,15
2022200014,2022-12-29,2022-23,BHM,TEX,134,101,235,1,33
2022200018,2022-12-29,2022-23,GLI,ONT,96,111,207,0,-15
2022200023,2022-12-30,2022-23,MXC,SLC,136,109,245,1,27
0022200534,2022-12-30,2022-23,NOP,PHI,127,116,243,1,11
2022200020,2022-12-30,2022-23,MNE,RGV,118,98,216,1,20
0022200530,2022-12-30,2022-23,ATL,LAL,121,130,251,0,-9
2022200024,2022-12-30,2022-23,MHU,SBL,118,117,235,1,1
0022200529,2022-12-30,2022-23,ORL,WAS,100,119,219,0,-19
0022200533,2022-12-30,2022-23,MIL,MIN,123,114,237,1,9
0022200532,2022-12-30,2022-23,CHI,DET,132,118,250,1,14
2022200021,2022-12-30,2022-23,DEL,LIN,111,108,219,1,3
2022200022,2022-12-30,2022-23,BHM,TEX,94,104,198,0,-10
2022200025,2022-12-30,2022-23,SCW,STO,112,113,225,0,-1
0022200536,2022-12-30,2022-23,GSW,POR,118,112,230,1,6
0022200537,2022-12-30,2022-23,SAC,UTA,126,125,251,1,1
0022200531,2022-12-30,2022-23,TOR,PHX,113,104,217,1,9
0022200535,2022-12-30,2022-23,DEN,MIA,124,119,243,1,5
2022200026,2022-12-31,2022-23,GBO,CCG,124,131,255,0,-7
0022200539,2022-12-31,2022-23,CHA,BKN,106,123,229,0,-17
0022200541,2022-12-31,2022-23,HOU,NYK,88,108,196,0,-20
2022200032,2022-12-31,2022-23,WIS,GRG,93,91,184,1,2
2022200030,2022-12-31,2022-23,CPS,OSC,124,96,220,1,28
2022200027,2022-12-31,2022-23,MNE,RGV,136,132,268,1,4
0022200538,2022-12-31,2022-23,IND,LAC,131,130,261,1,1
0022200546,2022-12-31,2022-23,UTA,MIA,123,126,249,0,-3
0022200544,2022-12-31,2022-23,MIN,DET,104,116,220,0,-12
0022200545,2022-12-31,2022-23,OKC,PHI,96,115,211,0,-19
0022200543,2022-12-31,2022-23,MEM,NOP,116,101,217,1,15
2022200029,2022-12-31,2022-23,MCC,WCB,122,108,230,1,14
0022200542,2022-12-31,2022-23,SAS,DAL,125,126,251,0,-1
2022200031,2022-12-31,2022-23,SXF,ONT,95,99,194,0,-4
2022200028,2022-12-31,2022-23,IWA,RAP,128,124,252,1,4
0022200540,2022-12-31,2022-23,CHI,CLE,102,103,205,0,-1
2022200036,2023-01-01,2022-23,AUS,STO,94,108,202,0,-14
0022200547,2023-01-01,2022-23,MEM,SAC,118,108,226,1,10
2022200033,2023-01-01,2022-23,IWA,TEX,126,138,264,0,-12
2022200034,2023-01-01,2022-23,BHM,GLI,124,126,250,0,-2
2022200035,2023-01-01,2022-23,SXF,ONT,123,110,233,1,13
0022200549,2023-01-01,2022-23,DEN,BOS,123,111,234,1,12
0022200548,2023-01-01,2022-23,MIL,WAS,95,118,213,0,-23
2022200039,2023-01-02,2022-23,LIN,RAP,110,102,212,1,8
0022200550,2023-01-02,2022-23,NYK,PHX,102,83,185,1,19
0022200557,2023-01-02,2022-23,MIN,DEN,124,111,235,1,13
0022200556,2023-01-02,2022-23,HOU,DAL,106,111,217,0,-5
0022200551,2023-01-02,2022-23,CHA,LAL,115,121,236,0,-6
0022200559,2023-01-02,2022-23,POR,DET,135,106,241,1,29
0022200558,2023-01-02,2022-23,GSW,ATL,143,141,284,1,2
0022200552,2023-01-02,2022-23,CLE,CHI,145,134,279,1,11
2022200037,2023-01-02,2022-23,CPS,OSC,116,131,247,0,-15
0022200560,2023-01-02,2022-23,LAC,MIA,100,110,210,0,-10
0022200553,2023-01-02,2022-23,IND,TOR,122,114,236,1,8
2022200040,2023-01-02,2022-23,WES,CLC,103,115,218,0,-12
2022200038,2023-01-02,2022-23,GRG,DEL,107,125,232,0,-18
0022200554,2023-01-02,2022-23,PHI,NOP,120,111,231,1,9
0022200555,2023-01-02,2022-23,BKN,SAS,139,103,242,1,36
2022200041,2023-01-03,2022-23,OKL,RGV,122,117,239,1,5
2022200042,2023-01-03,2022-23,GRG,DEL,119,113,232,1,6
2022200046,2023-01-03,2022-23,MHU,MXC,128,113,241,1,15
0022200562,2023-01-03,2022-23,OKC,BOS,150,117,267,1,33
0022200561,2023-01-03,2022-23,MIL,WAS,123,113,236,1,10
2022200045,2023-01-03,2022-23,BHM,GLI,116,119,235,0,-3
2022200043,2023-01-03,2022-23,WES,CLC,97,99,196,0,-2
0022200563,2023-01-03,2022-23,UTA,SAC,115,117,232,0,-2
0022200571,2023-01-04,2022-23,MIN,POR,113,106,219,1,7
0022200573,2023-01-04,2022-23,GSW,DET,119,122,241,0,-3
0022200567,2023-01-04,2022-23,PHI,IND,129,126,255,1,3
2022200051,2023-01-04,2022-23,SLC,STO,116,127,243,0,-11
0022200572,2023-01-04,2022-23,NOP,HOU,119,108,227,1,11
0022200564,2023-01-04,2022-23,CHA,MEM,107,131,238,0,-24
2022200048,2023-01-04,2022-23,FWN,WCB,116,128,244,0,-12
0022200575,2023-01-04,2022-23,SAC,ATL,117,120,237,0,-3
0022200569,2023-01-04,2022-23,TOR,MIL,101,104,205,0,-3
2022200044,2023-01-04,2022-23,SXF,TEX,132,130,262,1,2
2022200050,2023-01-04,2022-23,WIS,CPS,126,121,247,1,5
0022200568,2023-01-04,2022-23,NYK,SAS,117,114,231,1,3
0022200570,2023-01-04,2022-23,CHI,BKN,121,112,233,1,9
0022200565,2023-01-04,2022-23,CLE,PHX,90,88,178,1,2
2022200049,2023-01-04,2022-23,LIN,RAP,129,119,248,1,10
0022200574,2023-01-04,2022-23,LAL,MIA,112,109,221,1,3
0022200566,2023-01-04,2022-23,ORL,OKC,126,115,241,1,11
2022200047,2023-01-04,2022-23,CCG,AUS,128,103,231,1,25
2022200053,2023-01-05,2022-23,MNE,MCC,132,102,234,1,30
2022200054,2023-01-05,2022-23,MXC,OKL,98,95,193,1,3
2022200056,2023-01-05,2022-23,SBL,BHM,113,107,220,1,6
2022200055,2023-01-05,2022-23,GLI,SCW,100,125,225,0,-25
0022200579,2023-01-05,2022-23,DEN,LAC,122,91,213,1,31
0022200577,2023-01-05,2022-23,DAL,BOS,95,124,219,0,-29
0022200576,2023-01-05,2022-23,ORL,MEM,115,123,238,0,-8
2022200052,2023-01-05,2022-23,GRG,FWN,108,129,237,0,-21
0022200578,2023-01-05,2022-23,HOU,UTA,114,131,245,0,-17
2022200058,2023-01-06,2022-23,DEL,GBO,113,118,231,0,-5
0022200584,2023-01-06,2022-23,OKC,WAS,127,110,237,1,17
0022200590,2023-01-06,2022-23,LAL,ATL,130,114,244,1,16
0022200588,2023-01-06,2022-23,DEN,CLE,121,108,229,1,13
0022200587,2023-01-06,2022-23,MIN,LAC,128,115,243,1,13
2022200063,2023-01-06,2022-23,WIS,CPS,120,116,236,1,4
0022200589,2023-01-06,2022-23,PHX,MIA,96,104,200,0,-8
2022200060,2023-01-06,2022-23,WES,LIN,120,119,239,1,1
0022200583,2023-01-06,2022-23,MIL,CHA,109,138,247,0,-29
2022200061,2023-01-06,2022-23,MXC,OKL,118,116,234,1,2
2022200066,2023-01-06,2022-23,GLI,SCW,136,115,251,1,21
0022200581,2023-01-06,2022-23,PHI,CHI,112,126,238,0,-14
0022200580,2023-01-06,2022-23,IND,POR,108,99,207,1,9
2022200067,2023-01-06,2022-23,STO,ONT,104,92,196,1,12
2022200059,2023-01-06,2022-23,MNE,MCC,112,106,218,1,6
2022200064,2023-01-06,2022-23,RGV,SXF,104,115,219,0,-11
0022200585,2023-01-06,2022-23,SAS,DET,121,109,230,1,12
2022200062,2023-01-06,2022-23,WCB,OSC,122,117,239,1,5
0022200582,2023-01-06,2022-23,TOR,NYK,108,112,220,0,-4
2022200065,2023-01-06,2022-23,SLC,IWA,131,114,245,1,17
2022200057,2023-01-06,2022-23,CCG,AUS,97,85,182,1,12
0022200586,2023-01-06,2022-23,NOP,BKN,102,108,210,0,-6
2022200071,2023-01-07,2022-23,TEX,MHU,105,118,223,0,-13
0022200592,2023-01-07,2022-23,CHI,UTA,126,118,244,1,8
0022200593,2023-01-07,2022-23,DAL,NOP,127,117,244,1,10
2022200072,2023-01-07,2022-23,SLC,IWA,118,115,233,1,3
0022200594,2023-01-07,2022-23,GSW,ORL,101,115,216,0,-14
0022200591,2023-01-07,2022-23,SAS,BOS,116,121,237,0,-5
2022200068,2023-01-07,2022-23,WCB,OSC,108,109,217,0,-1
2022200070,2023-01-07,2022-23,RGV,SXF,110,124,234,0,-14
0022200595,2023-01-07,2022-23,SAC,LAL,134,136,270,0,-2
2022200069,2023-01-07,2022-23,SBL,BHM,128,98,226,1,30
2022200076,2023-01-08,2022-23,DEL,GBO,121,117,238,1,4
2022200074,2023-01-08,2022-23,WES,LIN,97,130,227,0,-33
0022200602,2023-01-08,2022-23,OKC,DAL,120,109,229,1,11
0022200600,2023-01-08,2022-23,MEM,UTA,123,118,241,1,5
0022200597,2023-01-08,2022-23,TOR,POR,117,105,222,1,12
2022200073,2023-01-08,2022-23,OKL,SCW,108,112,220,0,-4
2022200078,2023-01-08,2022-23,GRG,MNE,106,121,227,0,-15
0022200598,2023-01-08,2022-23,IND,CHA,116,111,227,1,5
0022200599,2023-01-08,2022-23,MIA,BKN,101,102,203,0,-1
2022200080,2023-01-08,2022-23,GLI,MXC,115,121,236,0,-6
0022200603,2023-01-08,2022-23,PHX,CLE,98,112,210,0,-14
0022200601,2023-01-08,2022-23,HOU,MIN,96,104,200,0,-8
0022200604,2023-01-08,2022-23,LAC,ATL,108,112,220,0,-4
2022200075,2023-01-08,2022-23,CPS,AUS,107,114,221,0,-7
2022200077,2023-01-08,2022-23,FWN,CLC,119,122,241,0,-3
2022200079,2023-01-08,2022-23,TEX,MHU,114,119,233,0,-5
0022200596,2023-01-08,2022-23,DET,PHI,111,123,234,0,-12
2022200081,2023-01-09,2022-23,LIN,WCB,118,110,228,1,8
2022200082,2023-01-09,2022-23,MCC,OSC,99,110,209,0,-11
0022200606,2023-01-09,2022-23,BOS,CHI,107,99,206,1,8
2022200084,2023-01-09,2022-23,ONT,BHM,106,97,203,1,9
2022200085,2023-01-09,2022-23,SBL,IWA,143,132,275,1,11
0022200608,2023-01-09,2022-23,MEM,SAS,121,113,234,1,8
0022200605,2023-01-09,2022-23,WAS,NOP,112,132,244,0,-20
2022200086,2023-01-09,2022-23,STO,SXF,104,112,216,0,-8
0022200607,2023-01-09,2022-23,NYK,MIL,107,111,218,0,-4
0022200609,2023-01-09,2022-23,DEN,LAL,122,109,231,1,13
2022200083,2023-01-09,2022-23,RAP,CCG,122,119,241,1,3
0022200610,2023-01-09,2022-23,SAC,ORL,136,111,247,1,25
2022200088,2023-01-10,2022-23,WES,GBO,125,93,218,1,32
0022200614,2023-01-10,2022-23,UTA,CLE,116,114,230,1,2
2022200089,2023-01-10,2022-23,RAP,CCG,116,123,239,0,-7
0022200616,2023-01-10,2022-23,POR,ORL,106,109,215,0,-3
2022200091,2023-01-10,2022-23,GLI,MXC,123,122,245,1,1
0022200613,2023-01-10,2022-23,TOR,CHA,132,120,252,1,12
0022200611,2023-01-10,2022-23,MIA,OKC,112,111,223,1,1
2022200087,2023-01-10,2022-23,GRG,MNE,115,132,247,0,-17
0022200615,2023-01-10,2022-23,GSW,PHX,113,125,238,0,-12
0022200617,2023-01-10,2022-23,LAC,DAL,113,101,214,1,12
2022200090,2023-01-10,2022-23,SLC,RGV,122,128,250,0,-6
0022200612,2023-01-10,2022-23,PHI,DET,147,116,263,1,31
2022200092,2023-01-11,2022-23,LIN,WCB,118,121,239,0,-3
2022200093,2023-01-11,2022-23,WIS,MHU,104,115,219,0,-11
0022200621,2023-01-11,2022-23,BOS,NOP,125,114,239,1,11
0022200618,2023-01-11,2022-23,DET,MIN,135,118,253,1,17
0022200620,2023-01-11,2022-23,ATL,MIL,105,114,219,0,-9
2022200005,2023-01-11,2022-23,OSC,WES,129,117,246,1,12
0022200625,2023-01-11,2022-23,SAC,HOU,135,115,250,1,20
0022200622,2023-01-11,2022-23,NYK,IND,119,113,232,1,6
2022200095,2023-01-11,2022-23,SBL,OKL,120,111,231,1,9
0022200619,2023-01-11,2022-23,WAS,CHI,100,97,197,1,3
2022200094,2023-01-11,2022-23,ONT,BHM,126,106,232,1,20
0022200623,2023-01-11,2022-23,MEM,SAS,135,129,264,1,6
0022200624,2023-01-11,2022-23,DEN,PHX,126,97,223,1,29
2022200096,2023-01-12,2022-23,MNE,DEL,137,149,286,0,-12
2022200097,2023-01-12,2022-23,MCC,RAP,99,105,204,0,-6
2022200100,2023-01-12,2022-23,SCW,SXF,126,103,229,1,23
0022200627,2023-01-12,2022-23,BKN,BOS,98,109,207,0,-11
0022200628,2023-01-12,2022-23,MIA,MIL,108,102,210,1,6
2022200098,2023-01-12,2022-23,GLI,OKL,109,118,227,0,-9
2022200099,2023-01-12,2022-23,ONT,IWA,126,107,233,1,19
0022200630,2023-01-12,2022-23,LAL,DAL,115,119,234,0,-4
0022200626,2023-01-12,2022-23,PHI,OKC,114,133,247,0,-19
0022200629,2023-01-12,2022-23,TOR,CHA,124,114,238,1,10
0022200631,2023-01-12,2022-23,POR,CLE,113,119,232,0,-6
0022200632,2023-01-13,2022-23,DET,NOP,110,116,226,0,-6
0022200640,2023-01-13,2022-23,SAC,HOU,139,114,253,1,25
0022200637,2023-01-13,2022-23,MIN,PHX,121,116,237,1,5
0022200635,2023-01-13,2022-23,SAS,GSW,113,144,257,0,-31
0022200636,2023-01-13,2022-23,CHI,OKC,110,124,234,0,-14
0022200639,2023-01-13,2022-23,LAC,DEN,103,115,218,0,-12
2022200101,2023-01-13,2022-23,CLC,WIS,115,96,211,1,19
0022200634,2023-01-13,2022-23,WAS,NYK,108,112,220,0,-4
2022200105,2023-01-13,2022-23,TEX,SBL,105,125,230,0,-20
2022200104,2023-01-13,2022-23,MXC,AUS,127,125,252,1,2
2022200106,2023-01-13,2022-23,SCW,SXF,110,129,239,0,-19
2022200102,2023-01-13,2022-23,OSC,GBO,133,136,269,0,-3
2022200107,2023-01-13,2022-23,STO,RGV,134,113,247,1,21
0022200633,2023-01-13,2022-23,IND,ATL,111,113,224,0,-2
0022200638,2023-01-13,2022-23,UTA,ORL,112,108,220,1,4
2022200103,2023-01-13,2022-23,BHM,SLC,110,132,242,0,-22
0022200644,2023-01-14,2022-23,TOR,ATL,103,114,217,0,-11
2022200116,2023-01-14,2022-23,TEX,SBL,113,106,219,1,7
2022200115,2023-01-14,2022-23,WCB,CLC,96,105,201,0,-9
0022200641,2023-01-14,2022-23,MIA,MIL,111,95,206,1,16
2022200108,2023-01-14,2022-23,CPS,CCG,108,97,205,1,11
0022200645,2023-01-14,2022-23,MIN,CLE,110,102,212,1,8
0022200647,2023-01-14,2022-23,POR,DAL,136,119,255,1,17
0022200642,2023-01-14,2022-23,CHA,BOS,106,122,228,0,-16
0022200646,2023-01-14,2022-23,UTA,PHI,117,118,235,0,-1
2022200114,2023-01-14,2022-23,BHM,SLC,108,110,218,0,-2
2022200111,2023-01-14,2022-23,LIN,GRG,96,85,181,1,11
2022200109,2023-01-14,2022-23,FWN,WIS,129,123,252,1,6
2022200117,2023-01-14,2022-23,STO,RGV,124,118,242,1,6
2022200110,2023-01-14,2022-23,OSC,GBO,117,100,217,1,17
2022200112,2023-01-14,2022-23,MNE,DEL,111,116,227,0,-5
0022200643,2023-01-14,2022-23,IND,MEM,112,130,242,0,-18
2022200113,2023-01-14,2022-23,MXC,AUS,91,86,177,1,5
2022200120,2023-01-15,2022-23,ONT,MCC,118,113,231,1,5
0022200652,2023-01-15,2022-23,SAS,SAC,119,132,251,0,-13
2022200118,2023-01-15,2022-23,IWA,MHU,110,107,217,1,3
0022200654,2023-01-15,2022-23,POR,DAL,140,123,263,1,17
0022200649,2023-01-15,2022-23,LAC,HOU,121,100,221,1,21
0022200653,2023-01-15,2022-23,DEN,ORL,119,116,235,1,3
2022200119,2023-01-15,2022-23,SXF,RAP,123,126,249,0,-3
0022200651,2023-01-15,2022-23,BKN,OKC,102,112,214,0,-10
0022200655,2023-01-15,2022-23,LAL,PHI,112,113,225,0,-1
0022200650,2023-01-15,2022-23,CHI,GSW,132,118,250,1,14
0022200648,2023-01-15,2022-23,DET,NYK,104,117,221,0,-13
2022200123,2023-01-16,2022-23,WCB,CLC,105,112,217,0,-7
0022200663,2023-01-16,2022-23,MEM,PHX,136,106,242,1,30
0022200664,2023-01-16,2022-23,LAL,HOU,140,132,272,1,8
2022200122,2023-01-16,2022-23,LIN,GRG,99,80,179,1,19
2022200121,2023-01-16,2022-23,DEL,WIS,153,132,285,1,21
0022200660,2023-01-16,2022-23,WAS,GSW,118,127,245,0,-9
0022200656,2023-01-16,2022-23,CHA,BOS,118,130,248,0,-12
2022200127,2023-01-16,2022-23,CPS,CCG,104,111,215,0,-7
0022200659,2023-01-16,2022-23,NYK,TOR,121,123,244,0,-2
0022200658,2023-01-16,2022-23,CLE,NOP,113,103,216,1,10
0022200661,2023-01-16,2022-23,ATL,MIA,121,113,234,1,8
2022200126,2023-01-16,2022-23,GLI,FWN,119,141,260,0,-22
2022200125,2023-01-16,2022-23,AUS,STO,98,112,210,0,-14
0022200657,2023-01-16,2022-23,MIL,IND,132,119,251,1,13
2022200128,2023-01-16,2022-23,ONT,MCC,93,106,199,0,-13
0022200662,2023-01-16,2022-23,MIN,UTA,125,126,251,0,-1
2022200124,2023-01-16,2022-23,TEX,SLC,116,125,241,0,-9
2022200129,2023-01-17,2022-23,SXF,OSC,100,104,204,0,-4
0022200667,2023-01-17,2022-23,DEN,POR,122,113,235,1,9
0022200668,2023-01-17,2022-23,LAC,PHI,110,120,230,0,-10
2022200130,2023-01-17,2022-23,BHM,RGV,105,132,237,0,-27
0022200666,2023-01-17,2022-23,SAS,BKN,106,98,204,1,8
0022200665,2023-01-17,2022-23,MIL,TOR,130,122,252,1,8
2022200132,2023-01-17,2022-23,GLI,FWN,114,121,235,0,-7
2022200131,2023-01-17,2022-23,MHU,SCW,140,131,271,1,9
0022200669,2023-01-18,2022-23,NYK,WAS,105,116,221,0,-11
0022200673,2023-01-18,2022-23,NOP,MIA,98,124,222,0,-26
0022200676,2023-01-18,2022-23,DEN,MIN,122,118,240,1,4
0022200675,2023-01-18,2022-23,UTA,LAC,126,103,229,1,23
0022200677,2023-01-18,2022-23,LAL,SAC,111,116,227,0,-5
2022200136,2023-01-18,2022-23,GBO,CLC,102,112,214,0,-10
0022200670,2023-01-18,2022-23,DAL,ATL,122,130,252,0,-8
2022200133,2023-01-18,2022-23,WIS,WES,127,118,245,1,9
0022200671,2023-01-18,2022-23,HOU,CHA,117,122,239,0,-5
2022200135,2023-01-18,2022-23,CCG,LIN,114,121,235,0,-7
0022200674,2023-01-18,2022-23,OKC,IND,126,106,232,1,20
2022200137,2023-01-18,2022-23,MHU,SCW,129,122,251,1,7
0022200672,2023-01-18,2022-23,MEM,CLE,115,114,229,1,1
2022200134,2023-01-18,2022-23,OKL,STO,113,118,231,0,-5
2022200139,2023-01-19,2022-23,WCB,CPS,111,133,244,0,-22
2022200141,2023-01-19,2022-23,SBL,MCC,127,117,244,1,10
0022200682,2023-01-19,2022-23,POR,PHI,95,105,200,0,-10
0022200679,2023-01-19,2022-23,BOS,GSW,121,118,239,1,3
0022200680,2023-01-19,2022-23,MIN,TOR,128,126,254,1,2
0022200678,2023-01-19,2022-23,DET,CHI,108,126,234,0,-18
2022200140,2023-01-19,2022-23,SLC,FWN,107,121,228,0,-14
2022200138,2023-01-19,2022-23,SXF,OSC,121,125,246,0,-4
0022200681,2023-01-19,2022-23,PHX,BKN,117,112,229,1,5
2022200142,2023-01-20,2022-23,GRG,CCG,101,104,205,0,-3
2022200144,2023-01-20,2022-23,AUS,ONT,108,100,208,1,8
0022200689,2023-01-20,2022-23,UTA,BKN,106,117,223,0,-11
0022200688,2023-01-20,2022-23,DEN,IND,134,111,245,1,23
0022200683,2023-01-20,2022-23,ORL,NOP,123,110,233,1,13
0022200686,2023-01-20,2022-23,DAL,MIA,115,90,205,1,25
2022200145,2023-01-20,2022-23,RGV,GLI,110,107,217,1,3
0022200685,2023-01-20,2022-23,CLE,GSW,114,120,234,0,-6
0022200690,2023-01-20,2022-23,LAL,MEM,122,121,243,1,1
2022200143,2023-01-20,2022-23,MXC,SCW,126,135,261,0,-9
0022200691,2023-01-20,2022-23,SAC,OKC,118,113,231,1,5
0022200684,2023-01-20,2022-23,ATL,NYK,139,124,263,1,15
0022200687,2023-01-20,2022-23,SAS,LAC,126,131,257,0,-5
0022200697,2023-01-21,2022-23,PHX,IND,112,107,219,1,5
2022200146,2023-01-21,2022-23,DEL,LIN,101,116,217,0,-15
0022200694,2023-01-21,2022-23,ATL,CHA,118,122,240,0,-4
2022200151,2023-01-21,2022-23,WIS,RAP,126,135,261,0,-9
2022200148,2023-01-21,2022-23,MNE,OSC,111,117,228,0,-6
0022200692,2023-01-21,2022-23,TOR,BOS,104,106,210,0,-2
2022200152,2023-01-21,2022-23,RGV,GLI,107,114,221,0,-7
2022200153,2023-01-21,2022-23,TEX,OKL,121,117,238,1,4
0022200696,2023-01-21,2022-23,MIN,HOU,113,104,217,1,9
2022200147,2023-01-21,2022-23,GBO,WCB,105,112,217,0,-7
2022200149,2023-01-21,2022-23,AUS,ONT,82,115,197,0,-33
0022200693,2023-01-21,2022-23,WAS,ORL,138,118,256,1,20
0022200695,2023-01-21,2022-23,CLE,MIL,114,102,216,1,12
0022200698,2023-01-21,2022-23,SAC,PHI,127,129,256,0,-2
2022200150,2023-01-21,2022-23,BHM,STO,112,111,223,1,1
2022200154,2023-01-21,2022-23,SLC,SBL,110,119,229,0,-9
2022200156,2023-01-22,2022-23,CLC,CCG,111,107,218,1,4
0022200701,2023-01-22,2022-23,DAL,LAC,98,112,210,0,-14
2022200158,2023-01-22,2022-23,MNE,OSC,115,112,227,1,3
2022200155,2023-01-22,2022-23,WES,IWA,97,99,196,0,-2
2022200160,2023-01-22,2022-23,MXC,SCW,128,117,245,1,11
0022200705,2023-01-22,2022-23,POR,LAL,112,121,233,0,-9
2022200157,2023-01-22,2022-23,FWN,CPS,91,129,220,0,-38
0022200700,2023-01-22,2022-23,TOR,NYK,125,116,241,1,9
0022200699,2023-01-22,2022-23,MIA,NOP,100,96,196,1,4
0022200702,2023-01-22,2022-23,DEN,OKC,99,101,200,0,-2
0022200703,2023-01-22,2022-23,PHX,MEM,112,110,222,1,2
2022200159,2023-01-22,2022-23,BHM,STO,104,122,226,0,-18
0022200704,2023-01-22,2022-23,GSW,BKN,116,120,236,0,-4
2022200161,2023-01-23,2022-23,MCC,WIS,134,130,264,1,4
2022200162,2023-01-23,2022-23,ONT,SLC,147,105,252,1,42
0022200712,2023-01-23,2022-23,SAC,MEM,133,100,233,1,33
0022200709,2023-01-23,2022-23,HOU,MIN,119,114,233,1,5
0022200707,2023-01-23,2022-23,ORL,BOS,113,98,211,1,15
0022200710,2023-01-23,2022-23,UTA,CHA,120,102,222,1,18
0022200708,2023-01-23,2022-23,CHI,ATL,111,100,211,1,11
0022200711,2023-01-23,2022-23,POR,SAS,147,127,274,1,20
0022200706,2023-01-23,2022-23,DET,MIL,130,150,280,0,-20
0022200715,2023-01-24,2022-23,NYK,CLE,105,103,208,1,2
0022200719,2023-01-24,2022-23,LAL,LAC,115,133,248,0,-18
0022200718,2023-01-24,2022-23,PHX,CHA,128,97,225,1,31
0022200713,2023-01-24,2022-23,IND,CHI,116,110,226,1,6
2022200167,2023-01-24,2022-23,WES,IWA,126,99,225,1,27
0022200716,2023-01-24,2022-23,NOP,DEN,98,99,197,0,-1
2022200169,2023-01-24,2022-23,RGV,MXC,124,120,244,1,4
2022200166,2023-01-24,2022-23,DEL,OSC,123,105,228,1,18
0022200714,2023-01-24,2022-23,MIA,BOS,98,95,193,1,3
2022200163,2023-01-24,2022-23,OKL,GRG,99,113,212,0,-14
2022200168,2023-01-24,2022-23,SXF,AUS,92,87,179,1,5
0022200717,2023-01-24,2022-23,DAL,WAS,126,127,253,0,-1
2022200165,2023-01-24,2022-23,CLC,CPS,106,111,217,0,-5
0022200728,2023-01-25,2022-23,SAC,TOR,95,113,208,0,-18
0022200720,2023-01-25,2022-23,ORL,IND,126,120,246,1,6
2022200175,2023-01-25,2022-23,MCC,WIS,120,102,222,1,18
0022200724,2023-01-25,2022-23,NOP,MIN,102,111,213,0,-9
0022200721,2023-01-25,2022-23,PHI,BKN,137,133,270,1,4
0022200729,2023-01-25,2022-23,LAL,SAS,113,104,217,1,9
0022200722,2023-01-25,2022-23,HOU,WAS,103,108,211,0,-5
2022200171,2023-01-25,2022-23,OKL,GRG,113,105,218,1,8
2022200170,2023-01-25,2022-23,RAP,BHM,110,89,199,1,21
2022200176,2023-01-25,2022-23,ONT,SLC,124,112,236,1,12
0022200726,2023-01-25,2022-23,GSW,MEM,122,120,242,1,2
0022200725,2023-01-25,2022-23,OKC,ATL,132,137,269,0,-5
2022200172,2023-01-25,2022-23,CCG,WCB,109,124,233,0,-15
2022200164,2023-01-25,2022-23,FWN,MNE,133,119,252,1,14
2022200174,2023-01-25,2022-23,LIN,IWA,131,112,243,1,19
0022200723,2023-01-25,2022-23,MIL,DEN,107,99,206,1,8
2022200173,2023-01-25,2022-23,CLC,CPS,116,115,231,1,1
0022200727,2023-01-25,2022-23,POR,UTA,134,124,258,1,10
2022200177,2023-01-26,2022-23,RAP,BHM,95,115,210,0,-20
0022200732,2023-01-26,2022-23,CHA,CHI,111,96,207,1,15
0022200733,2023-01-26,2022-23,HOU,CLE,95,113,208,0,-18
2022200178,2023-01-26,2022-23,RGV,MXC,110,96,206,1,14
2022200181,2023-01-26,2022-23,STO,MHU,124,104,228,1,20
0022200735,2023-01-26,2022-23,LAC,SAS,138,100,238,1,38
2022200180,2023-01-26,2022-23,GLI,SLC,99,116,215,0,-17
0022200730,2023-01-26,2022-23,BOS,NYK,117,120,237,0,-3
2022200179,2023-01-26,2022-23,AUS,TEX,131,108,239,1,23
0022200734,2023-01-26,2022-23,PHX,DAL,95,99,194,0,-4
0022200731,2023-01-26,2022-23,BKN,DET,122,130,252,0,-8
0022200737,2023-01-27,2022-23,MIN,MEM,111,100,211,1,11
2022200183,2023-01-27,2022-23,CPS,MCC,120,124,244,0,-4
0022200740,2023-01-27,2022-23,GSW,TOR,129,117,246,1,12
2022200188,2023-01-27,2022-23,SBL,SCW,117,119,236,0,-2
0022200739,2023-01-27,2022-23,OKC,CLE,112,100,212,1,12
0022200736,2023-01-27,2022-23,IND,MIL,131,141,272,0,-10
2022200182,2023-01-27,2022-23,CCG,WCB,118,116,234,1,2
2022200184,2023-01-27,2022-23,OSC,FWN,128,121,249,1,7
2022200186,2023-01-27,2022-23,IWA,OKL,123,125,248,0,-2
2022200187,2023-01-27,2022-23,WIS,GBO,115,112,227,1,3
2022200185,2023-01-27,2022-23,WES,GRG,99,108,207,0,-9
0022200738,2023-01-27,2022-23,MIA,ORL,110,105,215,1,5
0022200743,2023-01-28,2022-23,DET,HOU,114,117,231,0,-3
2022200192,2023-01-28,2022-23,STO,MHU,109,110,219,0,-1
2022200190,2023-01-28,2022-23,OSC,FWN,116,124,240,0,-8
2022200193,2023-01-28,2022-23,RGV,AUS,126,110,236,1,16
0022200742,2023-01-28,2022-23,BKN,NYK,122,115,237,1,7
0022200749,2023-01-28,2022-23,BOS,LAL,125,121,246,1,4
0022200741,2023-01-28,2022-23,PHI,DEN,126,119,245,1,7
0022200747,2023-01-28,2022-23,NOP,WAS,103,113,216,0,-10
2022200194,2023-01-28,2022-23,TEX,MXC,117,120,237,0,-3
0022200748,2023-01-28,2022-23,SAS,PHX,118,128,246,0,-10
2022200189,2023-01-28,2022-23,MNE,BHM,106,113,219,0,-7
0022200750,2023-01-28,2022-23,UTA,DAL,108,100,208,1,8
2022200191,2023-01-28,2022-23,WIS,GBO,102,116,218,0,-14
0022200746,2023-01-28,2022-23,MIN,SAC,117,110,227,1,7
0022200751,2023-01-28,2022-23,POR,TOR,105,123,228,0,-18
0022200745,2023-01-28,2022-23,ATL,LAC,113,120,233,0,-7
0022200744,2023-01-28,2022-23,ORL,CHI,109,128,237,0,-19
2022200195,2023-01-29,2022-23,WES,GRG,103,94,197,1,9
2022200199,2023-01-29,2022-23,TEX,MXC,110,114,224,0,-4
2022200200,2023-01-29,2022-23,SBL,SCW,152,118,270,1,34
0022200753,2023-01-29,2022-23,MEM,IND,112,100,212,1,12
2022200196,2023-01-29,2022-23,CPS,MCC,123,107,230,1,16
0022200752,2023-01-29,2022-23,CHA,MIA,122,117,239,1,5
2022200197,2023-01-29,2022-23,CCG,LIN,98,111,209,0,-13
2022200198,2023-01-29,2022-23,IWA,OKL,127,122,249,1,5
0022200755,2023-01-29,2022-23,MIL,NOP,135,110,245,1,25
0022200754,2023-01-29,2022-23,CLE,LAC,122,99,221,1,23
0022200762,2023-01-30,2022-23,PHX,TOR,114,106,220,1,8
0022200759,2023-01-30,2022-23,OKC,GSW,120,128,248,0,-8
0022200763,2023-01-30,2022-23,POR,ATL,129,125,254,1,4
2022200201,2023-01-30,2022-23,LIN,WIS,131,116,247,1,15
0022200761,2023-01-30,2022-23,DAL,DET,111,105,216,1,6
2022200202,2023-01-30,2022-23,SLC,MHU,118,111,229,1,7
2022200203,2023-01-30,2022-23,ONT,RGV,107,112,219,0,-5
0022200757,2023-01-30,2022-23,BKN,LAL,121,104,225,1,17
2022200012,2023-01-30,2022-23,OSC,WES,113,114,227,0,-1
0022200758,2023-01-30,2022-23,MIN,SAC,111,118,229,0,-7
0022200760,2023-01-30,2022-23,SAS,WAS,106,127,233,0,-21
0022200756,2023-01-30,2022-23,PHI,ORL,109,119,228,0,-10
2022200205,2023-01-31,2022-23,SLC,MHU,135,105,240,1,30
0022200767,2023-01-31,2022-23,MIL,CHA,124,115,239,1,9
0022200764,2023-01-31,2022-23,CLE,MIA,97,100,197,0,-3
0022200768,2023-01-31,2022-23,DEN,NOP,122,113,235,1,9
0022200766,2023-01-31,2022-23,CHI,LAC,103,108,211,0,-5
2022200204,2023-01-31,2022-23,SXF,TEX,105,93,198,1,12
0022200765,2023-01-31,2022-23,NYK,LAL,123,129,252,0,-6
0022200770,2023-02-01,2022-23,PHI,ORL,105,94,199,1,11
2022200210,2023-02-01,2022-23,MXC,SBL,113,109,222,1,4
0022200773,2023-02-01,2022-23,HOU,OKC,112,106,218,1,6
2022200209,2023-02-01,2022-23,BHM,DEL,102,124,226,0,-22
0022200775,2023-02-01,2022-23,SAS,SAC,109,119,228,0,-10
0022200772,2023-02-01,2022-23,BOS,BKN,139,96,235,1,43
2022200211,2023-02-01,2022-23,ONT,RGV,121,129,250,0,-8
0022200776,2023-02-01,2022-23,UTA,TOR,131,128,259,1,3
2022200208,2023-02-01,2022-23,WIS,WES,111,115,226,0,-4
2022200207,2023-02-01,2022-23,GBO,GRG,112,108,220,1,4
0022200777,2023-02-01,2022-23,PHX,ATL,100,132,232,0,-32
2022200206,2023-02-01,2022-23,CCG,MNE,131,126,257,1,5
0022200771,2023-02-01,2022-23,MEM,POR,112,122,234,0,-10
0022200774,2023-02-01,2022-23,MIN,GSW,119,114,233,1,5
2022200212,2023-02-02,2022-23,AUS,OKL,114,115,229,0,-1
0022200782,2023-02-02,2022-23,DAL,NOP,111,106,217,1,5
0022200779,2023-02-02,2022-23,CLE,MEM,128,113,241,1,15
2022200213,2023-02-02,2022-23,RAP,CLC,136,100,236,1,36
0022200784,2023-02-02,2022-23,MIL,LAC,106,105,211,1,1
0022200783,2023-02-02,2022-23,DEN,GSW,134,117,251,1,17
0022200778,2023-02-02,2022-23,IND,LAL,111,112,223,0,-1
0022200781,2023-02-02,2022-23,CHI,CHA,114,98,212,1,16
0022200780,2023-02-02,2022-23,NYK,MIA,106,104,210,1,2
0022200786,2023-02-03,2022-23,IND,SAC,107,104,211,1,3
0022200788,2023-02-03,2022-23,BOS,PHX,94,106,200,0,-12
0022200791,2023-02-03,2022-23,SAS,PHI,125,137,262,0,-12
0022200790,2023-02-03,2022-23,MIN,ORL,120,127,247,0,-7
0022200785,2023-02-03,2022-23,DET,CHA,118,112,230,1,6
2022200218,2023-02-03,2022-23,WIS,WCB,133,144,277,0,-11
2022200216,2023-02-03,2022-23,MHU,DEL,132,130,262,1,2
0022200792,2023-02-03,2022-23,UTA,ATL,108,115,223,0,-7
2022200215,2023-02-03,2022-23,MNE,CPS,96,114,210,0,-18
2022200214,2023-02-03,2022-23,GBO,GRG,123,107,230,1,16
0022200789,2023-02-03,2022-23,HOU,TOR,111,117,228,0,-6
2022200217,2023-02-03,2022-23,SXF,BHM,106,99,205,1,7
2022200219,2023-02-03,2022-23,SCW,ONT,123,114,237,1,9
0022200787,2023-02-03,2022-23,WAS,POR,116,124,240,0,-8
0022200795,2023-02-04,2022-23,NYK,LAC,128,134,262,0,-6
0022200797,2023-02-04,2022-23,MIL,MIA,123,115,238,1,8
0022200799,2023-02-04,2022-23,OKC,HOU,153,121,274,1,32
2022200222,2023-02-04,2022-23,FWN,CCG,122,115,237,1,7
0022200796,2023-02-04,2022-23,CHI,POR,129,121,250,1,8
2022200227,2023-02-04,2022-23,SBL,GLI,119,107,226,1,12
2022200225,2023-02-04,2022-23,IWA,AUS,128,134,262,0,-6
0022200798,2023-02-04,2022-23,NOP,LAL,131,126,257,1,5
2022200223,2023-02-04,2022-23,LIN,MCC,123,121,244,1,2
0022200800,2023-02-04,2022-23,GSW,DAL,119,113,232,1,6
2022200220,2023-02-04,2022-23,OKL,STO,119,105,224,1,14
0022200793,2023-02-04,2022-23,BKN,WAS,125,123,248,1,2
0022200801,2023-02-04,2022-23,DEN,ATL,128,108,236,1,20
2022200221,2023-02-04,2022-23,RAP,CLC,124,118,242,1,6
0022200794,2023-02-04,2022-23,DET,PHX,100,116,216,0,-16
2022200226,2023-02-04,2022-23,MHU,DEL,120,129,249,0,-9
2022200228,2023-02-04,2022-23,SLC,RGV,131,125,256,1,6
2022200224,2023-02-04,2022-23,MNE,CPS,132,108,240,1,24
0022200804,2023-02-05,2022-23,NYK,PHI,108,97,205,1,11
2022200232,2023-02-05,2022-23,SXF,BHM,120,111,231,1,9
0022200806,2023-02-05,2022-23,MIN,DEN,128,98,226,1,30
0022200802,2023-02-05,2022-23,CHA,ORL,113,119,232,0,-6
0022200803,2023-02-05,2022-23,IND,CLE,103,122,225,0,-19
2022200229,2023-02-05,2022-23,OSC,MXC,121,122,243,0,-1
2022200233,2023-02-05,2022-23,ONT,SBL,123,122,245,1,1
0022200805,2023-02-05,2022-23,MEM,TOR,103,106,209,0,-3
0022200807,2023-02-05,2022-23,NOP,SAC,136,104,240,1,32
2022200231,2023-02-05,2022-23,IWA,AUS,141,110,251,1,31
2022200230,2023-02-05,2022-23,GBO,WCB,133,122,255,1,11
2022200234,2023-02-06,2022-23,FWN,CCG,123,126,249,0,-3
0022200810,2023-02-06,2022-23,BKN,LAC,116,124,240,0,-8
2022200236,2023-02-06,2022-23,CPS,WES,126,112,238,1,14
0022200809,2023-02-06,2022-23,WAS,CLE,91,114,205,0,-23
2022200238,2023-02-06,2022-23,RAP,MNE,112,115,227,0,-3
0022200814,2023-02-06,2022-23,GSW,OKC,141,114,255,1,27
2022200235,2023-02-06,2022-23,CLC,DEL,99,110,209,0,-11
0022200815,2023-02-06,2022-23,POR,MIL,108,127,235,0,-19
0022200813,2023-02-06,2022-23,UTA,DAL,111,124,235,0,-13
2022200237,2023-02-06,2022-23,MCC,STO,102,116,218,0,-14
0022200811,2023-02-06,2022-23,CHI,SAS,128,104,232,1,24
0022200808,2023-02-06,2022-23,DET,BOS,99,111,210,0,-12
0022200812,2023-02-06,2022-23,HOU,SAC,120,140,260,0,-20
0022200816,2023-02-07,2022-23,ORL,NYK,98,102,200,0,-4
2022200241,2023-02-07,2022-23,WIS,SCW,104,122,226,0,-18
0022200821,2023-02-07,2022-23,LAL,OKC,130,133,263,0,-3
0022200818,2023-02-07,2022-23,NOP,ATL,116,107,223,1,9
0022200820,2023-02-07,2022-23,DEN,MIN,146,112,258,1,34
2022200240,2023-02-07,2022-23,LIN,SXF,112,92,204,1,20
0022200819,2023-02-07,2022-23,MEM,CHI,104,89,193,1,15
2022200242,2023-02-07,2022-23,MHU,BHM,129,99,228,1,30
0022200817,2023-02-07,2022-23,BKN,PHX,112,116,228,0,-4
2022200239,2023-02-07,2022-23,IWA,MXC,113,114,227,0,-1
2022200249,2023-02-08,2022-23,LIN,SXF,130,95,225,1,35
0022200822,2023-02-08,2022-23,CLE,DET,113,85,198,1,28
0022200823,2023-02-08,2022-23,WAS,CHA,118,104,222,1,14
2022200245,2023-02-08,2022-23,FWN,OKL,133,119,252,1,14
2022200247,2023-02-08,2022-23,GRG,STO,92,119,211,0,-27
0022200828,2023-02-08,2022-23,UTA,MIN,118,143,261,0,-25
0022200825,2023-02-08,2022-23,MIA,IND,116,111,227,1,5
2022200244,2023-02-08,2022-23,RAP,MNE,117,126,243,0,-9
2022200250,2023-02-08,2022-23,AUS,GLI,99,106,205,0,-7
0022200827,2023-02-08,2022-23,HOU,SAC,128,130,258,0,-2
0022200826,2023-02-08,2022-23,TOR,SAS,112,98,210,1,14
2022200243,2023-02-08,2022-23,CLC,DEL,112,122,234,0,-10
2022200248,2023-02-08,2022-23,GBO,SLC,119,128,247,0,-9
0022200829,2023-02-08,2022-23,LAC,DAL,104,110,214,0,-6
2022200246,2023-02-08,2022-23,CPS,WES,121,107,228,1,14
0022200824,2023-02-08,2022-23,BOS,PHI,106,99,205,1,7
0022200830,2023-02-08,2022-23,POR,GSW,125,122,247,1,3
2022200252,2023-02-09,2022-23,WCB,SCW,116,112,228,1,4
2022200253,2023-02-09,2022-23,ONT,SBL,117,122,239,0,-5
0022200833,2023-02-09,2022-23,BKN,CHI,116,105,221,1,11
0022200834,2023-02-09,2022-23,LAL,MIL,106,115,221,0,-9
0022200832,2023-02-09,2022-23,ATL,PHX,116,107,223,1,9
2022200251,2023-02-09,2022-23,MHU,MXC,111,99,210,1,12
0022200831,2023-02-09,2022-23,ORL,DEN,115,104,219,1,11
2022200255,2023-02-09,2022-23,IWA,TEX,121,130,251,0,-9
2022200254,2023-02-09,2022-23,GRG,STO,113,97,210,1,16
2022200258,2023-02-10,2022-23,OSC,SLC,115,124,239,0,-9
2022200256,2023-02-10,2022-23,CCG,WIS,130,141,271,0,-11
2022200261,2023-02-10,2022-23,WES,SXF,96,114,210,0,-18
0022200840,2023-02-10,2022-23,MIA,HOU,97,95,192,1,2
0022200835,2023-02-10,2022-23,DET,SAS,138,131,269,1,7
2022200262,2023-02-10,2022-23,AUS,GLI,116,82,198,1,34
2022200260,2023-02-10,2022-23,MCC,OKL,117,113,230,1,4
0022200837,2023-02-10,2022-23,PHI,NYK,119,108,227,1,11
0022200841,2023-02-10,2022-23,MEM,MIN,128,107,235,1,21
2022200257,2023-02-10,2022-23,GBO,FWN,138,137,275,1,1
0022200842,2023-02-10,2022-23,NOP,CLE,107,118,225,0,-11
2022200259,2023-02-10,2022-23,MNE,CLC,110,84,194,1,26
0022200845,2023-02-10,2022-23,LAC,MIL,106,119,225,0,-13
0022200843,2023-02-10,2022-23,POR,OKC,129,138,267,0,-9
0022200839,2023-02-10,2022-23,TOR,UTA,116,122,238,0,-6
0022200838,2023-02-10,2022-23,BOS,CHA,127,116,243,1,11
0022200836,2023-02-10,2022-23,IND,PHX,104,117,221,0,-13
0022200844,2023-02-10,2022-23,SAC,DAL,114,122,236,0,-8
2022200265,2023-02-11,2022-23,OSC,SLC,126,116,242,1,10
0022200850,2023-02-11,2022-23,ATL,SAS,125,106,231,1,19
2022200268,2023-02-11,2022-23,AUS,BHM,113,120,233,0,-7
2022200267,2023-02-11,2022-23,MCC,OKL,99,95,194,1,4
0022200853,2023-02-11,2022-23,GSW,LAL,103,109,212,0,-6
2022200264,2023-02-11,2022-23,CPS,LIN,107,120,227,0,-13
2022200269,2023-02-11,2022-23,WCB,SCW,98,112,210,0,-14
0022200846,2023-02-11,2022-23,BKN,PHI,98,101,199,0,-3
2022200270,2023-02-11,2022-23,TEX,GLI,107,89,196,1,18
0022200848,2023-02-11,2022-23,ORL,MIA,103,107,210,0,-4
0022200849,2023-02-11,2022-23,WAS,IND,127,113,240,1,14
0022200851,2023-02-11,2022-23,NYK,UTA,126,120,246,1,6
2022200266,2023-02-11,2022-23,MNE,CLC,116,105,221,1,11
0022200852,2023-02-11,2022-23,CLE,CHI,97,89,186,1,8
0022200854,2023-02-11,2022-23,SAC,DAL,133,128,261,1,5
2022200263,2023-02-11,2022-23,DEL,WIS,166,139,305,1,27
0022200847,2023-02-11,2022-23,CHA,DEN,105,119,224,0,-14
0022200855,2023-02-12,2022-23,BOS,MEM,119,109,228,1,10
2022200271,2023-02-12,2022-23,FWN,SBL,102,124,226,0,-22
2022200272,2023-02-12,2022-23,WES,RAP,123,124,247,0,-1
2022200273,2023-02-12,2022-23,IWA,STO,108,132,240,0,-24
0022200856,2023-02-12,2022-23,TOR,DET,119,118,237,1,1
0022200859,2023-02-13,2022-23,IND,UTA,117,123,240,0,-6
0022200858,2023-02-13,2022-23,CLE,SAS,117,109,226,1,8
0022200860,2023-02-13,2022-23,PHI,HOU,123,104,227,1,19
2022200278,2023-02-13,2022-23,GRG,WCB,112,115,227,0,-3
2022200279,2023-02-13,2022-23,MCC,GBO,119,104,223,1,15
0022200862,2023-02-13,2022-23,NYK,BKN,124,106,230,1,18
2022200276,2023-02-13,2022-23,OKL,MHU,113,133,246,0,-20
2022200280,2023-02-13,2022-23,WES,RAP,113,104,217,1,9
2022200281,2023-02-13,2022-23,SLC,SXF,124,115,239,1,9
0022200861,2023-02-13,2022-23,MIA,DEN,108,112,220,0,-4
0022200866,2023-02-13,2022-23,GSW,WAS,135,126,261,1,9
2022200277,2023-02-13,2022-23,DEL,CPS,130,104,234,1,26
0022200863,2023-02-13,2022-23,CHI,ORL,91,100,191,0,-9
0022200857,2023-02-13,2022-23,CHA,ATL,144,138,282,1,6
2022200275,2023-02-13,2022-23,IWA,STO,119,109,228,1,10
0022200867,2023-02-13,2022-23,POR,LAL,127,115,242,1,12
0022200865,2023-02-13,2022-23,DAL,MIN,121,124,245,0,-3
2022200274,2023-02-13,2022-23,FWN,SBL,132,128,260,1,4
0022200864,2023-02-13,2022-23,OKC,NOP,100,103,203,0,-3
0022200872,2023-02-14,2022-23,POR,WAS,101,126,227,0,-25
0022200871,2023-02-14,2022-23,LAC,GSW,134,124,258,1,10
0022200868,2023-02-14,2022-23,TOR,ORL,123,113,236,1,10
0022200870,2023-02-14,2022-23,PHX,SAC,120,109,229,1,11
2022200284,2023-02-14,2022-23,ONT,TEX,107,101,208,1,6
2022200282,2023-02-14,2022-23,CLC,WIS,128,120,248,1,8
0022200869,2023-02-14,2022-23,MIL,BOS,131,125,256,1,6
2022200283,2023-02-14,2022-23,GRG,WCB,115,108,223,1,7
2022200287,2023-02-15,2022-23,FWN,CPS,141,135,276,1,6
0022200876,2023-02-15,2022-23,ATL,NYK,101,122,223,0,-21
0022200877,2023-02-15,2022-23,BOS,DET,127,109,236,1,18
2022200289,2023-02-15,2022-23,CLC,SBL,95,114,209,0,-19
0022200882,2023-02-15,2022-23,LAL,NOP,120,102,222,1,18
2022200288,2023-02-15,2022-23,OKL,MHU,98,106,204,0,-8
2022200285,2023-02-15,2022-23,MCC,GBO,123,119,242,1,4
0022200874,2023-02-15,2022-23,IND,CHI,117,113,230,1,4
0022200879,2023-02-15,2022-23,MEM,UTA,117,111,228,1,6
0022200873,2023-02-15,2022-23,CHA,SAS,120,110,230,1,10
0022200875,2023-02-15,2022-23,PHI,CLE,118,112,230,1,6
0022200881,2023-02-15,2022-23,DEN,DAL,118,109,227,1,9
0022200878,2023-02-15,2022-23,BKN,MIA,116,105,221,1,11
2022200286,2023-02-15,2022-23,CCG,WES,109,111,220,0,-2
0022200880,2023-02-15,2022-23,OKC,HOU,133,96,229,1,37
2022200290,2023-02-15,2022-23,SCW,TEX,130,111,241,1,19
0022200883,2023-02-16,2022-23,CHI,MIL,100,112,212,0,-12
0022200885,2023-02-16,2022-23,PHX,LAC,107,116,223,0,-9
0022200884,2023-02-16,2022-23,MIN,WAS,106,114,220,0,-8
2022200291,2023-02-22,2022-23,DEL,MCC,111,116,227,0,-5
2022200296,2023-02-22,2022-23,WCB,RAP,114,110,224,1,4
2022200297,2023-02-22,2022-23,SCW,AUS,126,105,231,1,21
2022200295,2023-02-22,2022-23,RGV,SBL,112,120,232,0,-8
2022200294,2023-02-22,2022-23,IWA,MXC,116,124,240,0,-8
2022200292,2023-02-22,2022-23,GBO,CLC,100,110,210,0,-10
2022200293,2023-02-22,2022-23,LIN,FWN,122,102,224,1,20
2022200303,2023-02-23,2022-23,WCB,RAP,108,103,211,1,5
0022200892,2023-02-23,2022-23,UTA,OKC,120,119,239,1,1
0022200894,2023-02-23,2022-23,SAC,POR,133,116,249,1,17
0022200890,2023-02-23,2022-23,TOR,NOP,115,110,225,1,5
2022200301,2023-02-23,2022-23,MHU,GLI,116,114,230,1,2
0022200888,2023-02-23,2022-23,ORL,DET,108,106,214,1,2
2022200300,2023-02-23,2022-23,BHM,OKL,111,113,224,0,-2
2022200298,2023-02-23,2022-23,GRG,CCG,111,112,223,0,-1
0022200886,2023-02-23,2022-23,CLE,DEN,109,115,224,0,-6
0022200887,2023-02-23,2022-23,IND,BOS,138,142,280,0,-4
2022200299,2023-02-23,2022-23,SXF,MXC,118,109,227,1,9
0022200891,2023-02-23,2022-23,DAL,SAS,142,116,258,1,26
2022200302,2023-02-23,2022-23,RGV,SBL,99,125,224,0,-26
0022200889,2023-02-23,2022-23,PHI,MEM,110,105,215,1,5
0022200893,2023-02-23,2022-23,LAL,GSW,124,111,235,1,13
2022200304,2023-02-23,2022-23,STO,ONT,114,113,227,1,1
2022200312,2023-02-24,2022-23,SCW,AUS,114,105,219,1,9
2022200305,2023-02-24,2022-23,CLC,OSC,130,105,235,1,25
0022200901,2023-02-24,2022-23,GSW,HOU,116,101,217,1,15
2022200309,2023-02-24,2022-23,BHM,CPS,107,119,226,0,-12
2022200307,2023-02-24,2022-23,GBO,MNE,106,120,226,0,-14
0022200895,2023-02-24,2022-23,WAS,NYK,109,115,224,0,-6
2022200306,2023-02-24,2022-23,DEL,MCC,107,111,218,0,-4
0022200897,2023-02-24,2022-23,MIL,MIA,128,99,227,1,29
2022200308,2023-02-24,2022-23,WES,FWN,119,122,241,0,-3
0022200900,2023-02-24,2022-23,CHI,BKN,131,87,218,1,44
0022200899,2023-02-24,2022-23,PHX,OKC,124,115,239,1,9
2022200310,2023-02-24,2022-23,MHU,GLI,123,97,220,1,26
0022200898,2023-02-24,2022-23,MIN,CHA,113,121,234,0,-8
2022200311,2023-02-24,2022-23,TEX,WIS,122,123,245,0,-1
0022200902,2023-02-24,2022-23,LAC,SAC,175,176,351,0,-1
0022200896,2023-02-24,2022-23,ATL,CLE,136,119,255,1,17
2022200313,2023-02-25,2022-23,CCG,DEL,121,136,257,0,-15
0022200905,2023-02-25,2022-23,ORL,IND,108,121,229,0,-13
0022200904,2023-02-25,2022-23,CHA,MIA,108,103,211,1,5
2022200315,2023-02-25,2022-23,GBO,MNE,122,110,232,1,12
0022200908,2023-02-25,2022-23,PHI,BOS,107,110,217,0,-3
2022200316,2023-02-25,2022-23,MCC,RAP,87,104,191,0,-17
0022200906,2023-02-25,2022-23,NYK,NOP,128,106,234,1,22
0022200909,2023-02-25,2022-23,UTA,SAS,118,102,220,1,16
2022200317,2023-02-25,2022-23,SBL,IWA,148,126,274,1,22
2022200314,2023-02-25,2022-23,CLC,OSC,102,101,203,1,1
0022200907,2023-02-25,2022-23,MEM,DEN,112,94,206,1,18
2022200319,2023-02-25,2022-23,SCW,SLC,112,119,231,0,-7
2022200318,2023-02-25,2022-23,TEX,RGV,98,112,210,0,-14
0022200903,2023-02-25,2022-23,DET,TOR,91,95,186,0,-4
2022200321,2023-02-26,2022-23,GRG,FWN,110,104,214,1,6
0022200918,2023-02-26,2022-23,DEN,LAC,134,124,258,1,10
2022200324,2023-02-26,2022-23,MXC,ONT,96,103,199,0,-7
2022200322,2023-02-26,2022-23,WCB,WES,123,108,231,1,15
0022200911,2023-02-26,2022-23,ATL,BKN,129,127,256,1,2
0022200915,2023-02-26,2022-23,OKC,SAC,115,124,239,0,-9
2022200320,2023-02-26,2022-23,OKL,CPS,116,104,220,1,12
0022200913,2023-02-26,2022-23,DAL,LAL,108,111,219,0,-3
0022200916,2023-02-26,2022-23,GSW,MIN,109,104,213,1,5
0022200912,2023-02-26,2022-23,CHI,WAS,102,82,184,1,20
2022200323,2023-02-26,2022-23,AUS,LIN,96,117,213,0,-21
0022200917,2023-02-26,2022-23,POR,HOU,131,114,245,1,17
0022200910,2023-02-26,2022-23,MIL,PHX,104,101,205,1,3
0022200914,2023-02-26,2022-23,CLE,TOR,118,93,211,1,25
0022200922,2023-02-27,2022-23,NOP,ORL,93,101,194,0,-8
0022200919,2023-02-27,2022-23,CHA,DET,117,106,223,1,11
0022200921,2023-02-27,2022-23,NYK,BOS,109,94,203,1,15
0022200920,2023-02-27,2022-23,PHI,MIA,99,101,200,0,-2
2022200329,2023-02-27,2022-23,GLI,IWA,125,110,235,1,15
2022200325,2023-02-27,2022-23,CCG,DEL,124,125,249,0,-1
2022200328,2023-02-27,2022-23,SLC,WIS,135,100,235,1,35
2022200326,2023-02-27,2022-23,MCC,OSC,108,123,231,0,-15
2022200327,2023-02-27,2022-23,MXC,ONT,109,105,214,1,4
2022200330,2023-02-28,2022-23,OKL,SXF,99,107,206,0,-8
0022200929,2023-02-28,2022-23,DAL,IND,122,124,246,0,-2
2022200331,2023-02-28,2022-23,STO,CLC,122,111,233,1,11
0022200926,2023-02-28,2022-23,HOU,DEN,112,133,245,0,-21
2022200332,2023-02-28,2022-23,MHU,GRG,107,96,203,1,11
2022200334,2023-02-28,2022-23,SLC,WIS,106,120,226,0,-14
0022200924,2023-02-28,2022-23,BKN,MIL,104,118,222,0,-14
2022200335,2023-02-28,2022-23,GLI,IWA,110,102,212,1,8
0022200923,2023-02-28,2022-23,ATL,WAS,116,119,235,0,-3
0022200932,2023-02-28,2022-23,LAC,MIN,101,108,209,0,-7
2022200333,2023-02-28,2022-23,RGV,LIN,100,109,209,0,-9
0022200927,2023-02-28,2022-23,MEM,LAL,121,109,230,1,12
0022200928,2023-02-28,2022-23,OKC,SAC,117,123,240,0,-6
0022200930,2023-02-28,2022-23,UTA,SAS,94,102,196,0,-8
0022200925,2023-02-28,2022-23,TOR,CHI,104,98,202,1,6
0022200931,2023-02-28,2022-23,GSW,POR,123,105,228,1,18
0022200933,2023-03-01,2022-23,CHA,PHX,91,105,196,0,-14
0022200935,2023-03-01,2022-23,BOS,CLE,117,113,230,1,4
0022200937,2023-03-01,2022-23,NYK,BKN,142,118,260,1,24
0022200940,2023-03-01,2022-23,OKC,LAL,117,123,240,0,-6
0022200939,2023-03-01,2022-23,MIL,ORL,139,117,256,1,22
0022200938,2023-03-01,2022-23,HOU,MEM,99,113,212,0,-14
0022200941,2023-03-01,2022-23,POR,NOP,110,121,231,0,-11
0022200936,2023-03-01,2022-23,MIA,PHI,96,119,215,0,-23
0022200934,2023-03-01,2022-23,DET,CHI,115,117,232,0,-2
2022200336,2023-03-01,2022-23,WES,DEL,126,147,273,0,-21
2022200340,2023-03-02,2022-23,AUS,BHM,103,110,213,0,-7
0022200945,2023-03-02,2022-23,GSW,LAC,115,91,206,1,24
2022200338,2023-03-02,2022-23,GRG,MCC,91,103,194,0,-12
0022200943,2023-03-02,2022-23,DAL,PHI,133,126,259,1,7
0022200942,2023-03-02,2022-23,WAS,TOR,119,108,227,1,11
2022200341,2023-03-02,2022-23,SCW,CLC,115,110,225,1,5
2022200339,2023-03-02,2022-23,RAP,FWN,135,125,260,1,10
0022200944,2023-03-02,2022-23,SAS,IND,110,99,209,1,11
2022200343,2023-03-02,2022-23,STO,TEX,127,100,227,1,27
2022200342,2023-03-02,2022-23,SBL,MNE,129,128,257,1,1
2022200337,2023-03-02,2022-23,CPS,GBO,120,117,237,1,3
2022200345,2023-03-03,2022-23,WES,DEL,117,122,239,0,-5
2022200346,2023-03-03,2022-23,SXF,IWA,128,131,259,0,-3
2022200344,2023-03-03,2022-23,OKL,RGV,117,125,242,0,-8
2022200347,2023-03-03,2022-23,GLI,CCG,110,122,232,0,-12
0022200949,2023-03-03,2022-23,MIA,NYK,120,122,242,0,-2
0022200948,2023-03-03,2022-23,BOS,BKN,105,115,220,0,-10
0022200955,2023-03-03,2022-23,LAL,MIN,102,110,212,0,-8
0022200953,2023-03-03,2022-23,GSW,NOP,108,99,207,1,9
0022200952,2023-03-03,2022-23,DEN,MEM,113,97,210,1,16
0022200947,2023-03-03,2022-23,ATL,POR,129,111,240,1,18
0022200950,2023-03-03,2022-23,CHI,PHX,104,125,229,0,-21
0022200954,2023-03-03,2022-23,SAC,LAC,128,127,255,1,1
0022200951,2023-03-03,2022-23,OKC,UTA,130,103,233,1,27
0022200946,2023-03-03,2022-23,CHA,ORL,106,117,223,0,-11
2022200350,2023-03-04,2022-23,CPS,GBO,115,100,215,1,15
0022200961,2023-03-04,2022-23,SAC,MIN,134,138,272,0,-4
0022200960,2023-03-04,2022-23,MIL,PHI,130,133,263,0,-3
2022200354,2023-03-04,2022-23,STO,TEX,129,106,235,1,23
0022200956,2023-03-04,2022-23,WAS,TOR,109,116,225,0,-7
0022200959,2023-03-04,2022-23,SAS,HOU,110,122,232,0,-12
0022200957,2023-03-04,2022-23,CLE,DET,114,90,204,1,24
2022200349,2023-03-04,2022-23,RAP,FWN,129,114,243,1,15
2022200348,2023-03-04,2022-23,WIS,WCB,102,120,222,0,-18
2022200352,2023-03-04,2022-23,SXF,IWA,109,112,221,0,-3
0022200958,2023-03-04,2022-23,MIA,ATL,117,109,226,1,8
2022200353,2023-03-04,2022-23,SBL,MNE,114,98,212,1,16
2022200355,2023-03-04,2022-23,SCW,CLC,110,127,237,0,-17
2022200351,2023-03-04,2022-23,MHU,AUS,109,121,230,0,-12
0022200966,2023-03-05,2022-23,ORL,POR,119,122,241,0,-3
2022200360,2023-03-05,2022-23,MXC,CCG,122,107,229,1,15
0022200963,2023-03-05,2022-23,CHI,IND,122,125,247,0,-3
2022200358,2023-03-05,2022-23,WCB,WES,120,121,241,0,-1
0022200969,2023-03-05,2022-23,BOS,NYK,129,131,260,0,-2
0022200970,2023-03-05,2022-23,LAC,MEM,135,129,264,1,6
0022200973,2023-03-05,2022-23,WAS,MIL,111,117,228,0,-6
0022200968,2023-03-05,2022-23,OKC,UTA,129,119,248,1,10
0022200964,2023-03-05,2022-23,LAL,GSW,113,105,218,1,8
2022200356,2023-03-05,2022-23,OSC,GRG,110,98,208,1,12
2022200357,2023-03-05,2022-23,BHM,RGV,124,134,258,0,-10
0022200965,2023-03-05,2022-23,BKN,CHA,102,86,188,1,16
2022200359,2023-03-05,2022-23,ONT,MNE,108,120,228,0,-12
0022200962,2023-03-05,2022-23,DAL,PHX,126,130,256,0,-4
0022200967,2023-03-05,2022-23,HOU,SAS,142,110,252,1,32
0022200976,2023-03-06,2022-23,SAC,NOP,123,108,231,1,15
0022200971,2023-03-06,2022-23,CLE,BOS,118,114,232,1,4
2022200361,2023-03-06,2022-23,RAP,GLI,127,108,235,1,19
0022200975,2023-03-06,2022-23,DEN,TOR,118,113,231,1,5
2022200363,2023-03-06,2022-23,TEX,SLC,128,134,262,0,-6
2022200362,2023-03-06,2022-23,MHU,AUS,112,97,209,1,15
0022200977,2023-03-06,2022-23,DET,POR,104,110,214,0,-6
2022200365,2023-03-06,2022-23,SBL,SXF,133,135,268,0,-2
0022200974,2023-03-06,2022-23,MIA,ATL,130,128,258,1,2
0022200972,2023-03-06,2022-23,IND,PHI,143,147,290,0,-4
2022200364,2023-03-06,2022-23,MXC,CCG,90,109,199,0,-19
2022200368,2023-03-07,2022-23,GRG,ONT,88,106,194,0,-18
0022200980,2023-03-07,2022-23,MIN,PHI,94,117,211,0,-23
0022200982,2023-03-07,2022-23,OKC,GSW,137,128,265,1,9
2022200369,2023-03-07,2022-23,STO,WES,121,104,225,1,17
2022200366,2023-03-07,2022-23,LIN,MCC,114,102,216,1,12
0022200984,2023-03-07,2022-23,LAL,MEM,112,103,215,1,9
0022200769,2023-03-07,2022-23,DET,WAS,117,119,236,0,-2
2022200367,2023-03-07,2022-23,BHM,SCW,127,112,239,1,15
0022200981,2023-03-07,2022-23,HOU,BKN,96,118,214,0,-22
0022200979,2023-03-07,2022-23,NYK,CHA,105,112,217,0,-7
0022200978,2023-03-07,2022-23,ORL,MIL,123,134,257,0,-11
2022200370,2023-03-07,2022-23,OSC,WIS,116,111,227,1,5
0022200983,2023-03-07,2022-23,DAL,UTA,120,116,236,1,4
2022200372,2023-03-08,2022-23,CPS,GLI,131,105,236,1,26
2022200373,2023-03-08,2022-23,RAP,DEL,97,112,209,0,-15
2022200376,2023-03-08,2022-23,SBL,SXF,127,125,252,1,2
0022200988,2023-03-08,2022-23,NOP,DAL,113,106,219,1,7
2022200375,2023-03-08,2022-23,RGV,GBO,116,110,226,1,6
0022200990,2023-03-08,2022-23,PHX,OKC,132,101,233,1,31
0022200986,2023-03-08,2022-23,BOS,POR,115,93,208,1,22
2022200374,2023-03-08,2022-23,TEX,WCB,110,122,232,0,-12
0022200985,2023-03-08,2022-23,WAS,ATL,120,122,242,0,-2
0022200991,2023-03-08,2022-23,LAC,TOR,108,100,208,1,8
2022200371,2023-03-08,2022-23,OKL,SLC,95,108,203,0,-13
0022200987,2023-03-08,2022-23,MIA,CLE,100,104,204,0,-4
0022200989,2023-03-08,2022-23,DEN,CHI,96,117,213,0,-21
2022200384,2023-03-09,2022-23,TEX,WCB,110,135,245,0,-25
2022200383,2023-03-09,2022-23,RGV,IWA,128,117,245,1,11
2022200378,2023-03-09,2022-23,FWN,MCC,116,119,235,0,-3
2022200381,2023-03-09,2022-23,RAP,DEL,112,127,239,0,-15
2022200380,2023-03-09,2022-23,MNE,LIN,108,115,223,0,-7
0022200995,2023-03-09,2022-23,MIL,BKN,118,113,231,1,5
2022200377,2023-03-09,2022-23,OSC,WIS,131,132,263,0,-1
0022200992,2023-03-09,2022-23,DET,CHA,103,113,216,0,-10
0022200994,2023-03-09,2022-23,ORL,UTA,124,131,255,0,-7
0022200993,2023-03-09,2022-23,IND,HOU,134,125,259,1,9
2022200382,2023-03-09,2022-23,BHM,SCW,126,124,250,1,2
0022200996,2023-03-09,2022-23,MEM,GSW,131,110,241,1,21
0022200997,2023-03-09,2022-23,SAC,NYK,122,117,239,1,5
2022200379,2023-03-09,2022-23,CPS,GLI,113,130,243,0,-17
0022201001,2023-03-10,2022-23,MIN,BKN,123,124,247,0,-1
2022200386,2023-03-10,2022-23,CLC,ONT,102,117,219,0,-15
0022200999,2023-03-10,2022-23,WAS,ATL,107,114,221,0,-7
0022201000,2023-03-10,2022-23,MIA,CLE,119,115,234,1,4
0022201002,2023-03-10,2022-23,SAS,DEN,128,120,248,1,8
2022200388,2023-03-10,2022-23,AUS,GBO,125,110,235,1,15
0022201003,2023-03-10,2022-23,LAL,TOR,122,112,234,1,10
0022200998,2023-03-10,2022-23,PHI,POR,120,119,239,1,1
2022200387,2023-03-10,2022-23,OKL,SLC,110,112,222,0,-2
0022201004,2023-03-11,2022-23,LAC,NYK,106,95,201,1,11
0022201006,2023-03-11,2022-23,DET,IND,115,121,236,0,-6
0022201007,2023-03-11,2022-23,ORL,MIA,126,114,240,1,12
2022200390,2023-03-11,2022-23,CLC,ONT,100,103,203,0,-3
2022200389,2023-03-11,2022-23,DEL,CPS,116,137,253,0,-21
2022200394,2023-03-11,2022-23,SCW,WES,114,108,222,1,6
2022200393,2023-03-11,2022-23,RGV,IWA,123,115,238,1,8
0022201009,2023-03-11,2022-23,HOU,CHI,111,119,230,0,-8
0022201012,2023-03-11,2022-23,GSW,MIL,125,116,241,1,9
0022201010,2023-03-11,2022-23,MEM,DAL,112,108,220,1,4
0022201011,2023-03-11,2022-23,NOP,OKC,96,110,206,0,-14
0022201005,2023-03-11,2022-23,CHA,UTA,111,119,230,0,-8
0022201013,2023-03-11,2022-23,PHX,SAC,119,128,247,0,-9
2022200392,2023-03-11,2022-23,SBL,STO,109,118,227,0,-9
0022201008,2023-03-11,2022-23,ATL,BOS,125,134,259,0,-9
2022200391,2023-03-11,2022-23,FWN,MCC,102,132,234,0,-30
2022200397,2023-03-12,2022-23,OSC,CCG,119,95,214,1,24
0022201014,2023-03-12,2022-23,DEN,BKN,120,122,242,0,-2
0022201015,2023-03-12,2022-23,CHA,CLE,108,114,222,0,-6
2022200399,2023-03-12,2022-23,TEX,GLI,82,99,181,0,-17
0022201019,2023-03-12,2022-23,LAL,NYK,108,112,220,0,-4
2022200395,2023-03-12,2022-23,MNE,LIN,121,112,233,1,9
0022201018,2023-03-12,2022-23,SAS,OKC,90,102,192,0,-12
2022200396,2023-03-12,2022-23,GRG,RAP,119,121,240,0,-2
2022200398,2023-03-12,2022-23,SXF,AUS,124,108,232,1,16
0022201016,2023-03-12,2022-23,PHI,WAS,112,93,205,1,19
2022200400,2023-03-12,2022-23,MXC,WCB,105,112,217,0,-7
0022201017,2023-03-12,2022-23,NOP,POR,127,110,237,1,17
0022201022,2023-03-13,2022-23,MIA,UTA,119,115,234,1,4
0022201026,2023-03-13,2022-23,SAC,MIL,124,133,257,0,-9
2022200405,2023-03-13,2022-23,SLC,STO,125,138,263,0,-13
0022201021,2023-03-13,2022-23,ATL,MIN,115,136,251,0,-21
2022200403,2023-03-13,2022-23,IWA,BHM,97,124,221,0,-27
2022200404,2023-03-13,2022-23,OKL,ONT,101,97,198,1,4
2022200402,2023-03-13,2022-23,WIS,MHU,108,126,234,0,-18
0022201020,2023-03-13,2022-23,DET,IND,117,97,214,1,20
2022200401,2023-03-13,2022-23,OSC,CCG,85,109,194,0,-24
0022201023,2023-03-13,2022-23,DAL,MEM,88,104,192,0,-16
0022201025,2023-03-13,2022-23,GSW,PHX,123,112,235,1,11
0022201024,2023-03-13,2022-23,HOU,BOS,111,109,220,1,2
2022200406,2023-03-14,2022-23,DEL,TEX,148,116,264,1,32
0022201032,2023-03-14,2022-23,SAS,ORL,132,114,246,1,18
2022200408,2023-03-14,2022-23,LIN,FWN,114,125,239,0,-11
0022201029,2023-03-14,2022-23,TOR,DEN,125,110,235,1,15
0022201034,2023-03-14,2022-23,POR,NYK,107,123,230,0,-16
0022201030,2023-03-14,2022-23,NOP,LAL,108,123,231,0,-15
0022201033,2023-03-14,2022-23,PHX,MIL,104,116,220,0,-12
0022201031,2023-03-14,2022-23,OKC,BKN,121,107,228,1,14
0022201027,2023-03-14,2022-23,CHA,CLE,104,120,224,0,-16
0022201028,2023-03-14,2022-23,WAS,DET,117,97,214,1,20
2022200407,2023-03-14,2022-23,GRG,RAP,113,109,222,1,4
2022200385,2023-03-14,2022-23,STO,WES,135,123,258,1,12
0022201040,2023-03-15,2022-23,SAS,DAL,128,137,265,0,-9
2022200409,2023-03-15,2022-23,MCC,CLC,122,110,232,1,12
2022200410,2023-03-15,2022-23,GBO,MXC,116,122,238,0,-6
0022201037,2023-03-15,2022-23,CHI,SAC,114,117,231,0,-3
2022200413,2023-03-15,2022-23,WCB,MHU,112,116,228,0,-4
2022200411,2023-03-15,2022-23,WIS,MNE,114,119,233,0,-5
0022201039,2023-03-15,2022-23,MIN,BOS,102,104,206,0,-2
0022201036,2023-03-15,2022-23,MIA,MEM,138,119,257,1,19
2022200412,2023-03-15,2022-23,OKL,ONT,105,114,219,0,-9
2022200416,2023-03-15,2022-23,SCW,SLC,132,129,261,1,3
2022200415,2023-03-15,2022-23,GLI,SXF,116,120,236,0,-4
0022201035,2023-03-15,2022-23,CLE,PHI,109,118,227,0,-9
0022201041,2023-03-15,2022-23,LAC,GSW,134,126,260,1,8
0022201038,2023-03-15,2022-23,HOU,LAL,114,110,224,1,4
2022200414,2023-03-15,2022-23,AUS,SBL,96,132,228,0,-36
2022200422,2023-03-16,2022-23,GLI,SXF,114,132,246,0,-18
0022201046,2023-03-16,2022-23,PHX,ORL,116,113,229,1,3
2022200419,2023-03-16,2022-23,GBO,MXC,118,107,225,1,11
2022200420,2023-03-16,2022-23,WES,FWN,108,117,225,0,-9
0022201042,2023-03-16,2022-23,DET,DEN,100,119,219,0,-19
0022201044,2023-03-16,2022-23,TOR,OKC,128,111,239,1,17
2022200417,2023-03-16,2022-23,DEL,TEX,129,132,261,0,-3
0022201043,2023-03-16,2022-23,BKN,SAC,96,101,197,0,-5
2022200421,2023-03-16,2022-23,AUS,SBL,121,123,244,0,-2
0022201045,2023-03-16,2022-23,MIL,IND,123,139,262,0,-16
2022200418,2023-03-16,2022-23,RAP,OSC,102,124,226,0,-22
0022201049,2023-03-17,2022-23,CLE,WAS,117,94,211,1,23
2022200426,2023-03-17,2022-23,MHU,RGV,103,128,231,0,-25
2022200424,2023-03-17,2022-23,CCG,TEX,140,91,231,1,49
2022200423,2023-03-17,2022-23,CLC,LIN,122,115,237,1,7
0022201051,2023-03-17,2022-23,HOU,NOP,114,112,226,1,2
0022201048,2023-03-17,2022-23,ATL,GSW,127,119,246,1,8
0022201054,2023-03-17,2022-23,LAL,DAL,110,111,221,0,-1
0022201050,2023-03-17,2022-23,CHI,MIN,139,131,270,1,8
0022201052,2023-03-17,2022-23,SAS,MEM,120,126,246,0,-6
0022201053,2023-03-17,2022-23,POR,BOS,112,126,238,0,-14
2022200428,2023-03-17,2022-23,SCW,IWA,127,119,246,1,8
2022200427,2023-03-17,2022-23,WIS,MNE,118,116,234,1,2
2022200425,2023-03-17,2022-23,CPS,GRG,132,126,258,1,6
0022201047,2023-03-17,2022-23,CHA,PHI,82,121,203,0,-39
0022201058,2023-03-18,2022-23,TOR,MIN,122,107,229,1,15
2022200433,2023-03-18,2022-23,CLC,LIN,108,100,208,1,8
0022201057,2023-03-18,2022-23,IND,PHI,121,141,262,0,-20
2022200436,2023-03-18,2022-23,STO,SXF,119,144,263,0,-25
0022201060,2023-03-18,2022-23,CHI,MIA,113,99,212,1,14
0022201059,2023-03-18,2022-23,WAS,SAC,118,132,250,0,-14
0022201061,2023-03-18,2022-23,MEM,GSW,133,119,252,1,14
2022200434,2023-03-18,2022-23,AUS,GBO,124,127,251,0,-3
2022200435,2023-03-18,2022-23,MHU,RGV,114,87,201,1,27
2022200432,2023-03-18,2022-23,CPS,GRG,93,102,195,0,-9
2022200430,2023-03-18,2022-23,MCC,WES,122,112,234,1,10
0022201056,2023-03-18,2022-23,LAC,ORL,108,113,221,0,-5
2022200431,2023-03-18,2022-23,WCB,DEL,119,112,231,1,7
2022200437,2023-03-18,2022-23,SCW,IWA,132,112,244,1,20
0022201062,2023-03-18,2022-23,UTA,BOS,118,117,235,1,1
0022201055,2023-03-18,2022-23,NYK,DEN,116,110,226,1,6
2022200429,2023-03-18,2022-23,RAP,OSC,111,112,223,0,-1
0022201064,2023-03-19,2022-23,OKC,PHX,124,120,244,1,4
2022200442,2023-03-19,2022-23,STO,GLI,120,90,210,1,30
0022201065,2023-03-19,2022-23,SAS,ATL,126,118,244,1,8
0022201068,2023-03-19,2022-23,MIL,TOR,118,111,229,1,7
0022201067,2023-03-19,2022-23,HOU,NOP,107,117,224,0,-10
2022200439,2023-03-19,2022-23,WCB,MNE,114,93,207,1,21
0022201070,2023-03-19,2022-23,LAL,ORL,111,105,216,1,6
2022200438,2023-03-19,2022-23,FWN,WIS,128,114,242,1,14
0022201069,2023-03-19,2022-23,POR,LAC,102,117,219,0,-15
0022201066,2023-03-19,2022-23,DET,MIA,100,112,212,0,-12
2022200441,2023-03-19,2022-23,SLC,SBL,121,114,235,1,7
0022201063,2023-03-19,2022-23,BKN,DEN,102,108,210,0,-6
2022200443,2023-03-19,2022-23,MXC,BHM,124,115,239,1,9
2022200440,2023-03-19,2022-23,TEX,OKL,107,122,229,0,-15
0022201076,2023-03-20,2022-23,UTA,SAC,128,120,248,1,8
2022200445,2023-03-20,2022-23,MXC,BHM,98,111,209,0,-13
0022201075,2023-03-20,2022-23,MEM,DAL,112,108,220,1,4
2022200444,2023-03-20,2022-23,MCC,WES,122,93,215,1,29
0022201074,2023-03-20,2022-23,HOU,GSW,108,121,229,0,-13
0022201073,2023-03-20,2022-23,NYK,MIN,134,140,274,0,-6
2022200446,2023-03-20,2022-23,ONT,MHU,101,108,209,0,-7
0022201071,2023-03-20,2022-23,CHA,IND,115,109,224,1,6
0022201072,2023-03-20,2022-23,PHI,CHI,105,109,214,0,-4
2022200452,2023-03-21,2022-23,WCB,MNE,89,93,182,0,-4
2022200451,2023-03-21,2022-23,RGV,SCW,119,126,245,0,-7
0022201077,2023-03-21,2022-23,ORL,WAS,122,112,234,1,10
2022200448,2023-03-21,2022-23,OSC,LIN,112,118,230,0,-6
0022201078,2023-03-21,2022-23,ATL,DET,129,107,236,1,22
0022201081,2023-03-21,2022-23,SAC,BOS,109,132,241,0,-23
0022201080,2023-03-21,2022-23,NOP,SAS,119,84,203,1,35
2022200454,2023-03-21,2022-23,SBL,OKL,115,132,247,0,-17
2022200447,2023-03-21,2022-23,GBO,CCG,116,129,245,0,-13
0022201079,2023-03-21,2022-23,BKN,CLE,109,115,224,0,-6
0022201082,2023-03-21,2022-23,LAC,OKC,100,101,201,0,-1
2022200449,2023-03-21,2022-23,WIS,GRG,129,114,243,1,15
2022200453,2023-03-21,2022-23,SLC,AUS,101,93,194,1,8
2022200450,2023-03-21,2022-23,RAP,CPS,111,104,215,1,7
0022201088,2023-03-22,2022-23,MEM,HOU,130,125,255,1,5
0022201090,2023-03-22,2022-23,MIN,ATL,125,124,249,1,1
0022201085,2023-03-22,2022-23,TOR,IND,114,118,232,0,-4
0022201092,2023-03-22,2022-23,LAL,PHX,122,111,233,1,11
0022201084,2023-03-22,2022-23,MIA,NYK,127,120,247,1,7
0022201087,2023-03-22,2022-23,CHI,PHI,91,116,207,0,-25
0022201083,2023-03-22,2022-23,WAS,DEN,104,118,222,0,-14
0022201089,2023-03-22,2022-23,MIL,SAS,130,94,224,1,36
0022201086,2023-03-22,2022-23,DAL,GSW,125,127,252,0,-2
2022200456,2023-03-22,2022-23,ONT,MHU,96,98,194,0,-2
2022200457,2023-03-22,2022-23,STO,MXC,117,115,232,1,2
0022201091,2023-03-22,2022-23,UTA,POR,115,127,242,0,-12
2022200455,2023-03-22,2022-23,IWA,BHM,139,131,270,1,8
2022200458,2023-03-23,2022-23,CCG,WIS,114,104,218,1,10
2022200465,2023-03-23,2022-23,GLI,OKL,94,100,194,0,-6
2022200466,2023-03-23,2022-23,ONT,TEX,128,125,253,1,3
2022200459,2023-03-23,2022-23,CLC,GRG,108,101,209,1,7
2022200462,2023-03-23,2022-23,RGV,SCW,121,111,232,1,10
0022201093,2023-03-23,2022-23,ORL,NYK,111,106,217,1,5
2022200464,2023-03-23,2022-23,SLC,AUS,134,107,241,1,27
0022201094,2023-03-23,2022-23,BKN,CLE,114,116,230,0,-2
0022201096,2023-03-23,2022-23,LAC,OKC,127,105,232,1,22
0022201095,2023-03-23,2022-23,NOP,CHA,115,96,211,1,19
2022200463,2023-03-23,2022-23,WCB,CPS,126,115,241,1,11
2022200461,2023-03-23,2022-23,MNE,WES,110,97,207,1,13
2022200460,2023-03-23,2022-23,OSC,LIN,115,113,228,1,2
2022200470,2023-03-24,2022-23,SXF,MHU,119,105,224,1,14
2022200471,2023-03-24,2022-23,STO,MXC,116,104,220,1,12
0022201104,2023-03-24,2022-23,POR,CHI,96,124,220,0,-28
2022200468,2023-03-24,2022-23,GBO,RAP,118,116,234,1,2
0022201098,2023-03-24,2022-23,WAS,SAS,136,124,260,1,12
0022201105,2023-03-24,2022-23,SAC,PHX,135,127,262,1,8
0022201102,2023-03-24,2022-23,UTA,MIL,116,144,260,0,-28
0022201106,2023-03-24,2022-23,LAL,OKC,116,111,227,1,5
0022201103,2023-03-24,2022-23,GSW,PHI,120,112,232,1,8
0022201100,2023-03-24,2022-23,MEM,HOU,151,114,265,1,37
0022201099,2023-03-24,2022-23,TOR,DET,118,97,215,1,21
0022201101,2023-03-24,2022-23,DAL,CHA,109,117,226,0,-8
0022201097,2023-03-24,2022-23,BOS,IND,120,95,215,1,25
2022200469,2023-03-24,2022-23,MCC,CLC,106,113,219,0,-7
2022200467,2023-03-24,2022-23,DEL,FWN,110,114,224,0,-4
2022200472,2023-03-25,2022-23,GBO,RAP,126,137,263,0,-11
2022200479,2023-03-25,2022-23,RGV,LIN,135,116,251,1,19
0022201107,2023-03-25,2022-23,ATL,IND,143,130,273,1,13
0022201109,2023-03-25,2022-23,DEN,MIL,129,106,235,1,23
0022201110,2023-03-25,2022-23,PHX,PHI,125,105,230,1,20
2022200473,2023-03-25,2022-23,DEL,FWN,121,125,246,0,-4
2022200477,2023-03-25,2022-23,SXF,MHU,116,88,204,1,28
2022200475,2023-03-25,2022-23,BHM,CPS,122,120,242,1,2
2022200476,2023-03-25,2022-23,IWA,OSC,121,133,254,0,-12
2022200474,2023-03-25,2022-23,CCG,WES,114,105,219,1,9
2022200478,2023-03-25,2022-23,SBL,GLI,120,96,216,1,24
0022201108,2023-03-25,2022-23,MIA,BKN,100,129,229,0,-29
0022201112,2023-03-25,2022-23,LAC,NOP,110,131,241,0,-21
0022201111,2023-03-25,2022-23,SAC,UTA,121,113,234,1,8
2022200480,2023-03-25,2022-23,SCW,TEX,134,111,245,1,23
0022201114,2023-03-26,2022-23,LAL,CHI,108,118,226,0,-10
0022201120,2023-03-26,2022-23,POR,OKC,112,118,230,0,-6
0022201118,2023-03-26,2022-23,ORL,BKN,119,106,225,1,13
0022201113,2023-03-26,2022-23,CHA,DAL,110,104,214,1,6
0022201116,2023-03-26,2022-23,BOS,SAS,137,93,230,1,44
0022201119,2023-03-26,2022-23,TOR,WAS,114,104,218,1,10
0022201121,2023-03-26,2022-23,GSW,MIN,96,99,195,0,-3
0022201117,2023-03-26,2022-23,CLE,HOU,108,91,199,1,17
0022201115,2023-03-26,2022-23,ATL,MEM,119,123,242,0,-4
0022201129,2023-03-27,2022-23,LAC,CHI,124,112,236,1,12
0022201125,2023-03-27,2022-23,UTA,PHX,103,117,220,0,-14
0022201127,2023-03-27,2022-23,POR,NOP,90,124,214,0,-34
0022201126,2023-03-27,2022-23,DEN,PHI,116,111,227,1,5
0022201128,2023-03-27,2022-23,SAC,MIN,115,119,234,0,-4
0022201123,2023-03-27,2022-23,IND,DAL,104,127,231,0,-23
0022201124,2023-03-27,2022-23,NYK,HOU,137,115,252,1,22
0022201122,2023-03-27,2022-23,DET,MIL,117,126,243,0,-9
0022201135,2023-03-28,2022-23,GSW,NOP,120,109,229,1,11
0022201133,2023-03-28,2022-23,MEM,ORL,113,108,221,1,5
0022201131,2023-03-28,2022-23,ATL,CLE,120,118,238,1,2
0022201132,2023-03-28,2022-23,TOR,MIA,106,92,198,1,14
0022201134,2023-03-28,2022-23,OKC,CHA,134,137,271,0,-3
0022201130,2023-03-28,2022-23,WAS,BOS,130,111,241,1,19
0022201142,2023-03-29,2022-23,OKC,DET,107,106,213,1,1
0022201139,2023-03-29,2022-23,PHI,DAL,116,108,224,1,8
0022201144,2023-03-29,2022-23,PHX,MIN,107,100,207,1,7
0022201137,2023-03-29,2022-23,BKN,HOU,123,114,237,1,9
0022201141,2023-03-29,2022-23,MEM,LAC,132,141,273,0,-9
0022201140,2023-03-29,2022-23,CHI,LAL,110,121,231,0,-11
0022201145,2023-03-29,2022-23,POR,SAC,80,120,200,0,-40
0022201143,2023-03-29,2022-23,SAS,UTA,117,128,245,0,-11
0022201136,2023-03-29,2022-23,IND,MIL,136,149,285,0,-13
0022201138,2023-03-29,2022-23,NYK,MIA,101,92,193,1,9
0022201146,2023-03-30,2022-23,MIL,BOS,99,140,239,0,-41
0022201147,2023-03-30,2022-23,DEN,NOP,88,107,195,0,-19
0022201153,2023-03-31,2022-23,BKN,ATL,124,107,231,1,17
0022201151,2023-03-31,2022-23,WAS,ORL,109,116,225,0,-7
0022201160,2023-03-31,2022-23,PHX,DEN,100,93,193,1,7
0022201157,2023-03-31,2022-23,MIN,LAL,111,123,234,0,-12
0022201155,2023-03-31,2022-23,HOU,DET,121,115,236,1,6
0022201159,2023-03-31,2022-23,POR,SAC,114,138,252,0,-24
0022201149,2023-03-31,2022-23,IND,OKC,121,117,238,1,4
0022201150,2023-03-31,2022-23,PHI,TOR,117,110,227,1,7
0022201148,2023-03-31,2022-23,CHA,CHI,91,121,212,0,-30
0022201152,2023-03-31,2022-23,BOS,UTA,122,114,236,1,8
0022201156,2023-03-31,2022-23,MEM,LAC,108,94,202,1,14
0022201158,2023-03-31,2022-23,GSW,SAS,130,115,245,1,15
0022201154,2023-03-31,2022-23,CLE,NYK,116,130,246,0,-14
0022201161,2023-04-01,2022-23,MIA,DAL,129,122,251,1,7
0022201162,2023-04-01,2022-23,NOP,LAC,122,114,236,1,8
0022201171,2023-04-02,2022-23,HOU,LAL,109,134,243,0,-25
0022201163,2023-04-02,2022-23,CHA,TOR,108,128,236,0,-20
0022201174,2023-04-02,2022-23,MIL,PHI,117,104,221,1,13
0022201168,2023-04-02,2022-23,NYK,WAS,118,109,227,1,9
0022201173,2023-04-02,2022-23,CLE,IND,115,105,220,1,10
0022201164,2023-04-02,2022-23,BKN,UTA,111,110,221,1,1
0022201169,2023-04-02,2022-23,ORL,DET,128,102,230,1,26
0022201167,2023-04-02,2022-23,ATL,DAL,132,130,262,1,2
0022201175,2023-04-02,2022-23,DEN,GSW,112,110,222,1,2
0022201172,2023-04-02,2022-23,OKC,PHX,118,128,246,0,-10
0022201170,2023-04-02,2022-23,SAC,SAS,134,142,276,0,-8
0022201165,2023-04-02,2022-23,CHI,MEM,128,107,235,1,21
0022201166,2023-04-02,2022-23,MIN,POR,105,107,212,0,-2
0022201176,2023-04-04,2022-23,CHA,TOR,100,120,220,0,-20
0022201185,2023-04-04,2022-23,NOP,SAC,103,121,224,0,-18
0022201181,2023-04-04,2022-23,PHI,BOS,103,101,204,1,2
0022201178,2023-04-04,2022-23,ORL,CLE,113,117,230,0,-4
0022201180,2023-04-04,2022-23,BKN,MIN,102,107,209,0,-5
0022201187,2023-04-04,2022-23,GSW,OKC,136,125,261,1,11
0022201186,2023-04-04,2022-23,UTA,LAL,133,135,268,0,-2
0022201182,2023-04-04,2022-23,CHI,ATL,105,123,228,0,-18
0022201179,2023-04-04,2022-23,WAS,MIL,128,140,268,0,-12
0022201184,2023-04-04,2022-23,MEM,POR,119,109,228,1,10
0022201188,2023-04-04,2022-23,PHX,SAS,115,94,209,1,21
0022201177,2023-04-04,2022-23,DET,MIA,105,118,223,0,-13
0022201183,2023-04-04,2022-23,HOU,DEN,124,103,227,1,21
0022201190,2023-04-05,2022-23,IND,NYK,129,138,267,0,-9
0022201192,2023-04-05,2022-23,BOS,TOR,97,93,190,1,4
0022201196,2023-04-05,2022-23,LAC,LAL,125,118,243,1,7
0022201193,2023-04-05,2022-23,MIL,CHI,105,92,197,1,13
0022201195,2023-04-05,2022-23,DAL,SAC,123,119,242,1,4
0022201194,2023-04-05,2022-23,NOP,MEM,138,131,269,1,7
0022201191,2023-04-05,2022-23,ATL,WAS,134,116,250,1,18
0022201189,2023-04-05,2022-23,DET,BKN,108,123,231,0,-15
0022201198,2023-04-06,2022-23,PHI,MIA,101,129,230,0,-28
0022201199,2023-04-06,2022-23,SAS,POR,129,127,256,1,2
0022201197,2023-04-06,2022-23,ORL,CLE,94,118,212,0,-24
0022201201,2023-04-06,2022-23,PHX,DEN,119,115,234,1,4
0022201200,2023-04-06,2022-23,UTA,OKC,98,114,212,0,-16
0022201208,2023-04-07,2022-23,MIL,MEM,114,137,251,0,-23
0022201202,2023-04-07,2022-23,CHA,HOU,109,112,221,0,-3
0022201207,2023-04-07,2022-23,BKN,ORL,101,84,185,1,17
0022201210,2023-04-07,2022-23,DAL,CHI,112,115,227,0,-3
0022201204,2023-04-07,2022-23,WAS,MIA,114,108,222,1,6
0022201206,2023-04-07,2022-23,BOS,TOR,121,102,223,1,19
0022201209,2023-04-07,2022-23,NOP,NYK,113,105,218,1,8
0022201205,2023-04-07,2022-23,ATL,PHI,131,136,267,0,-5
0022201211,2023-04-07,2022-23,SAC,GSW,97,119,216,0,-22
0022201212,2023-04-07,2022-23,LAL,PHX,121,107,228,1,14
0022201203,2023-04-07,2022-23,IND,DET,115,122,237,0,-7
0022201215,2023-04-08,2022-23,LAC,POR,136,125,261,1,11
0022201213,2023-04-08,2022-23,UTA,DEN,118,114,232,1,4
0022201214,2023-04-08,2022-23,SAS,MIN,131,151,282,0,-20
0022201228,2023-04-09,2022-23,LAL,UTA,128,117,245,1,11
0022201220,2023-04-09,2022-23,NYK,IND,136,141,277,0,-5
0022201218,2023-04-09,2022-23,CLE,CHA,95,106,201,0,-11
0022201219,2023-04-09,2022-23,MIA,ORL,123,110,233,1,13
0022201222,2023-04-09,2022-23,WAS,HOU,109,114,223,0,-5
0022201221,2023-04-09,2022-23,TOR,MIL,121,105,226,1,16
0022201224,2023-04-09,2022-23,DAL,SAS,117,138,255,0,-21
0022201223,2023-04-09,2022-23,CHI,DET,103,81,184,1,22
0022201216,2023-04-09,2022-23,BOS,ATL,120,114,234,1,6
0022201227,2023-04-09,2022-23,DEN,SAC,109,95,204,1,14
0022201230,2023-04-09,2022-23,POR,GSW,101,157,258,0,-56
0022201229,2023-04-09,2022-23,PHX,LAC,114,119,233,0,-5
0022201225,2023-04-09,2022-23,MIN,NOP,113,108,221,1,5
0022201226,2023-04-09,2022-23,OKC,MEM,115,100,215,1,15
0022201217,2023-04-09,2022-23,BKN,PHI,105,134,239,0,-29
